time,linescan,servo,camera,camera,camera,camera,camera,
Time,Linescan,Servo PWM,exposure time,max_i,max,line in view,linewdith,
ms,ADC,PWM (us),seconds,pixel pos,max line value,T or F,pixels,
20,"[0, 0, 0, 0, 0, 0, 0, 0, 0, 0, 0, 0, 0, 0, 1354, 1310, 1337, 1362, 1395, 1381, 1400, 1383, 1391, 1375, 1423, 1393, 1434, 1403, 1443, 1431, 1457, 1422, 1473, 1462, 1481, 1473, 1513, 1495, 1524, 1517, 1540, 1541, 1553, 1553, 1594, 1549, 1613, 1577, 1585, 1591, 1621, 1632, 1642, 1603, 1648, 1617, 1656, 1649, 1640, 1661, 1657, 1633, 1668, 1652, 1630, 1595, 1617, 1551, 1589, 1538, 1562, 1580, 1581, 1613, 1654, 1664, 1677, 1652, 1691, 1652, 1684, 1661, 1629, 1657, 1657, 1639, 1686, 1663, 1692, 1681, 1649, 1686, 1657, 1653, 1695, 1643, 1670, 1651, 1645, 1651, 1698, 1620, 1672, 1621, 1628, 1638, 1629, 1611, 1626, 1584, 1626, 1587, 1620, 1566, 1611, 1562, 1551, 1563, 1566, 1550, 1577, 1535, 1572, 1553, 1550, 1539, 1520, 1557]",1970.0001220703125,0.00032000005012378097,60,1785,0,18,
147,"[0, 1398, 1404, 1402, 1419, 1390, 1430, 1385, 1432, 1416, 1401, 1398, 1441, 1409, 1447, 1412, 1438, 1434, 1473, 1437, 1497, 1452, 1508, 1467, 1524, 1537, 1557, 1518, 1593, 1566, 1579, 1607, 1622, 1623, 1667, 1639, 1721, 1706, 1687, 1732, 1745, 1720, 1786, 1757, 1794, 1776, 1798, 1801, 1830, 1782, 1838, 1840, 1839, 1845, 1873, 1832, 1893, 1847, 1866, 1913, 1887, 1917, 1886, 1863, 1861, 1782, 1796, 1767, 1740, 1717, 1739, 1761, 1800, 1807, 1880, 1866, 1901, 1894, 1880, 1889, 1872, 1850, 1886, 1853, 1892, 1870, 1889, 1894, 1903, 1877, 1887, 1868, 1866, 1853, 1894, 1868, 1868, 1870, 1839, 1834, 1860, 1806, 1842, 1808, 1812, 1801, 1807, 1781, 1795, 1767, 1768, 1748, 1747, 1735, 1730, 1688, 1738, 1705, 1699, 1694, 1721, 1687, 1704, 1670, 1678, 1646, 1628, 1695]",1110.0,0.0005600000149570405,60,2005,1,1,
284,"[0, 1458, 1524, 1520, 1520, 1487, 1536, 1479, 1523, 1482, 1496, 1492, 1520, 1495, 1490, 1485, 1498, 1483, 1550, 1498, 1522, 1534, 1564, 1516, 1584, 1565, 1602, 1594, 1602, 1622, 1657, 1665, 1664, 1683, 1725, 1691, 1763, 1731, 1771, 1783, 1801, 1802, 1876, 1860, 1879, 1892, 1905, 1913, 1927, 1879, 1951, 1942, 1963, 1921, 1944, 1979, 1971, 1968, 1970, 1953, 1999, 1962, 1937, 1963, 1934, 1868, 1878, 1812, 1834, 1777, 1839, 1854, 1882, 1880, 1979, 1923, 1960, 1923, 1991, 1946, 1946, 1939, 1901, 1902, 1923, 1895, 1965, 1906, 1919, 1914, 1893, 1910, 1906, 1889, 1908, 1888, 1887, 1889, 1853, 1839, 1919, 1817, 1856, 1828, 1833, 1831, 1821, 1802, 1798, 1769, 1758, 1742, 1745, 1718, 1717, 1702, 1715, 1683, 1684, 1675, 1694, 1670, 1696, 1689, 1659, 1641, 1644, 1674]",1110.0,0.0005799999926239252,60,2006,1,0,
418,"[0, 1470, 1512, 1512, 1507, 1498, 1510, 1466, 1505, 1485, 1489, 1492, 1506, 1491, 1526, 1479, 1518, 1481, 1534, 1514, 1538, 1540, 1555, 1518, 1567, 1607, 1619, 1584, 1652, 1621, 1663, 1679, 1676, 1703, 1731, 1712, 1789, 1761, 1778, 1824, 1818, 1824, 1880, 1847, 1905, 1872, 1908, 1888, 1905, 1904, 1944, 1916, 1963, 1915, 1949, 1962, 1952, 1970, 1959, 1920, 1981, 1927, 1932, 1932, 1867, 1837, 1837, 1774, 1785, 1762, 1798, 1812, 1847, 1866, 1935, 1887, 1957, 1909, 1933, 1941, 1904, 1934, 1910, 1889, 1940, 1892, 1940, 1908, 1912, 1903, 1896, 1910, 1877, 1857, 1890, 1862, 1870, 1844, 1829, 1824, 1851, 1802, 1827, 1795, 1810, 1804, 1803, 1775, 1787, 1758, 1756, 1736, 1729, 1724, 1731, 1733, 1704, 1676, 1715, 1685, 1722, 1704, 1693, 1684, 1667, 1634, 1671, 1666]",1492.050048828125,0.0005799999926239252,60,2021,1,1,
555,"[0, 1499, 1535, 1524, 1528, 1518, 1529, 1491, 1544, 1486, 1508, 1498, 1509, 1480, 1539, 1484, 1529, 1499, 1541, 1524, 1573, 1568, 1569, 1565, 1614, 1581, 1643, 1627, 1647, 1651, 1681, 1655, 1716, 1690, 1741, 1727, 1748, 1778, 1776, 1784, 1852, 1849, 1876, 1860, 1916, 1875, 1928, 1894, 1925, 1931, 1938, 1946, 2004, 1934, 1975, 1989, 1995, 1996, 1990, 1991, 2023, 1960, 2005, 1965, 1895, 1882, 1844, 1808, 1805, 1730, 1817, 1806, 1834, 1875, 1898, 1907, 1912, 1922, 1925, 1887, 1908, 1880, 1895, 1878, 1877, 1891, 1889, 1877, 1911, 1897, 1882, 1894, 1883, 1852, 1892, 1862, 1873, 1858, 1837, 1826, 1808, 1820, 1805, 1776, 1811, 1756, 1788, 1781, 1745, 1771, 1779, 1732, 1742, 1735, 1715, 1705, 1724, 1678, 1715, 1670, 1679, 1680, 1680, 1666, 1657, 1631, 1643, 1666]",1492.050048828125,0.0005600000149570405,56,1959,1,4,
688,"[0, 1474, 1541, 1519, 1519, 1504, 1511, 1477, 1527, 1490, 1512, 1512, 1517, 1497, 1539, 1479, 1523, 1490, 1543, 1540, 1544, 1546, 1576, 1541, 1599, 1611, 1618, 1632, 1670, 1621, 1702, 1669, 1712, 1735, 1736, 1749, 1792, 1796, 1813, 1814, 1854, 1837, 1901, 1896, 1895, 1917, 1932, 1902, 1911, 1913, 1949, 1962, 1986, 1924, 1982, 1959, 1981, 1983, 1972, 1980, 1971, 1961, 1947, 1912, 1907, 1836, 1840, 1807, 1783, 1766, 1799, 1784, 1854, 1849, 1907, 1918, 1944, 1912, 1952, 1909, 1944, 1899, 1890, 1883, 1870, 1881, 1885, 1875, 1904, 1838, 1883, 1883, 1855, 1867, 1897, 1852, 1866, 1857, 1845, 1835, 1849, 1815, 1843, 1786, 1817, 1759, 1802, 1776, 1743, 1742, 1740, 1732, 1745, 1714, 1722, 1672, 1717, 1685, 1712, 1678, 1704, 1697, 1687, 1688, 1668, 1633, 1671, 1675]",1970.0001220703125,0.0005999999702908099,56,1980,1,4,
825,"[0, 1496, 1526, 1527, 1536, 1476, 1526, 1480, 1503, 1505, 1489, 1479, 1506, 1486, 1539, 1484, 1528, 1500, 1529, 1542, 1583, 1537, 1586, 1549, 1570, 1613, 1615, 1599, 1663, 1630, 1682, 1690, 1704, 1714, 1756, 1712, 1799, 1773, 1804, 1838, 1840, 1844, 1888, 1894, 1878, 1903, 1932, 1878, 1954, 1915, 1932, 1975, 1965, 1944, 1960, 1945, 1951, 1973, 1974, 1951, 2004, 1936, 1950, 1938, 1879, 1850, 1819, 1775, 1796, 1726, 1796, 1794, 1839, 1878, 1902, 1891, 1938, 1926, 1923, 1941, 1906, 1903, 1891, 1856, 1893, 1880, 1898, 1899, 1893, 1895, 1892, 1913, 1888, 1857, 1897, 1885, 1872, 1859, 1855, 1844, 1854, 1798, 1839, 1789, 1827, 1790, 1786, 1798, 1757, 1737, 1772, 1707, 1760, 1722, 1752, 1697, 1735, 1698, 1697, 1707, 1697, 1683, 1719, 1652, 1697, 1643, 1629, 1695]",1110.0,0.0005799999926239252,59,1976,1,1,
957,"[0, 1481, 1548, 1530, 1510, 1509, 1527, 1492, 1540, 1491, 1505, 1500, 1506, 1499, 1509, 1482, 1534, 1492, 1556, 1536, 1537, 1554, 1568, 1535, 1606, 1581, 1607, 1592, 1610, 1618, 1660, 1629, 1684, 1692, 1696, 1722, 1746, 1750, 1786, 1791, 1828, 1836, 1843, 1881, 1874, 1852, 1928, 1875, 1909, 1909, 1953, 1941, 1985, 1930, 1963, 1974, 1983, 1993, 1994, 1975, 2009, 1940, 1967, 1920, 1894, 1863, 1816, 1821, 1798, 1745, 1838, 1802, 1871, 1906, 1933, 1903, 1981, 1935, 1942, 1940, 1923, 1942, 1905, 1881, 1877, 1905, 1908, 1863, 1925, 1881, 1914, 1898, 1866, 1899, 1882, 1873, 1912, 1868, 1885, 1854, 1857, 1851, 1837, 1811, 1838, 1794, 1840, 1766, 1788, 1768, 1753, 1747, 1752, 1716, 1757, 1692, 1723, 1689, 1702, 1675, 1669, 1686, 1675, 1632, 1686, 1612, 1647, 1687]",1110.0,0.0006199999479576945,56,1992,1,4,
1089,"[0, 1510, 1559, 1517, 1533, 1518, 1517, 1500, 1527, 1490, 1533, 1484, 1515, 1520, 1523, 1503, 1532, 1491, 1571, 1510, 1552, 1556, 1542, 1534, 1600, 1567, 1637, 1621, 1631, 1636, 1641, 1659, 1700, 1675, 1691, 1689, 1767, 1726, 1756, 1784, 1787, 1792, 1832, 1815, 1877, 1876, 1886, 1883, 1916, 1894, 1953, 1934, 1961, 1952, 1935, 1947, 1983, 2001, 1963, 1999, 2006, 1955, 1981, 1936, 1936, 1870, 1836, 1818, 1790, 1753, 1815, 1776, 1862, 1861, 1912, 1922, 1912, 1925, 1945, 1957, 1931, 1921, 1920, 1888, 1934, 1894, 1913, 1910, 1914, 1909, 1887, 1881, 1855, 1895, 1872, 1875, 1894, 1848, 1880, 1820, 1839, 1824, 1845, 1817, 1826, 1818, 1797, 1791, 1784, 1743, 1800, 1746, 1751, 1714, 1734, 1714, 1691, 1700, 1695, 1676, 1701, 1660, 1707, 1661, 1676, 1624, 1664, 1669]",1110.0,0.0005999999702908099,60,2007,1,0,
1226,"[0, 1482, 1509, 1511, 1521, 1474, 1516, 1483, 1496, 1505, 1511, 1523, 1512, 1506, 1521, 1497, 1546, 1498, 1518, 1508, 1530, 1516, 1558, 1497, 1558, 1552, 1616, 1603, 1616, 1653, 1650, 1637, 1690, 1662, 1718, 1704, 1737, 1716, 1763, 1781, 1808, 1822, 1836, 1851, 1887, 1870, 1903, 1899, 1903, 1890, 1915, 1931, 1947, 1900, 1953, 1936, 1966, 1973, 1956, 1958, 2026, 1954, 1969, 1938, 1913, 1870, 1852, 1820, 1831, 1747, 1833, 1819, 1841, 1868, 1919, 1902, 1959, 1910, 1946, 1941, 1916, 1926, 1899, 1873, 1873, 1862, 1909, 1867, 1901, 1867, 1851, 1888, 1846, 1865, 1888, 1854, 1865, 1859, 1846, 1845, 1838, 1819, 1830, 1781, 1822, 1797, 1790, 1780, 1781, 1756, 1779, 1739, 1742, 1743, 1733, 1694, 1704, 1685, 1693, 1690, 1703, 1662, 1685, 1650, 1675, 1638, 1648, 1672]",1492.050048828125,0.0006399999256245792,60,1961,1,0,
1364,"[0, 1507, 1535, 1535, 1544, 1513, 1519, 1505, 1507, 1500, 1532, 1488, 1517, 1521, 1523, 1500, 1535, 1495, 1555, 1535, 1535, 1529, 1538, 1543, 1569, 1551, 1631, 1578, 1623, 1621, 1651, 1658, 1689, 1664, 1711, 1715, 1743, 1757, 1767, 1774, 1826, 1797, 1843, 1824, 1876, 1845, 1862, 1878, 1880, 1890, 1939, 1912, 1955, 1938, 1948, 1957, 1986, 1965, 1999, 1969, 1964, 1958, 1952, 1952, 1902, 1875, 1847, 1814, 1811, 1760, 1825, 1819, 1872, 1892, 1929, 1911, 1960, 1941, 1937, 1940, 1942, 1912, 1916, 1875, 1929, 1897, 1908, 1902, 1961, 1888, 1908, 1915, 1892, 1912, 1897, 1914, 1897, 1856, 1852, 1845, 1850, 1834, 1829, 1793, 1837, 1783, 1792, 1808, 1764, 1769, 1748, 1722, 1751, 1708, 1714, 1704, 1678, 1681, 1690, 1666, 1694, 1704, 1685, 1661, 1683, 1619, 1648, 1662]",1492.050048828125,0.0005799999926239252,60,2013,1,0,
1498,"[0, 1474, 1526, 1510, 1502, 1488, 1514, 1499, 1491, 1496, 1494, 1463, 1534, 1470, 1488, 1459, 1488, 1466, 1523, 1499, 1533, 1512, 1594, 1577, 1619, 1599, 1650, 1633, 1666, 1665, 1691, 1696, 1736, 1705, 1756, 1723, 1805, 1779, 1789, 1827, 1858, 1829, 1902, 1893, 1904, 1878, 1911, 1913, 1926, 1908, 1957, 1931, 1985, 1931, 1951, 1958, 1976, 1955, 1949, 1984, 1963, 1949, 1975, 1919, 1909, 1856, 1830, 1829, 1840, 1757, 1832, 1830, 1851, 1893, 1921, 1925, 1973, 1922, 1962, 1916, 1945, 1897, 1904, 1889, 1875, 1896, 1891, 1869, 1914, 1882, 1885, 1901, 1898, 1869, 1912, 1865, 1884, 1866, 1851, 1853, 1851, 1812, 1812, 1787, 1811, 1768, 1789, 1764, 1744, 1760, 1740, 1730, 1748, 1692, 1702, 1680, 1709, 1664, 1712, 1684, 1691, 1699, 1678, 1652, 1659, 1610, 1627, 1652]",1970.0001220703125,0.0005799999926239252,56,1998,1,4,
1636,"[0, 1477, 1516, 1507, 1520, 1481, 1520, 1454, 1505, 1481, 1488, 1475, 1490, 1487, 1516, 1462, 1522, 1518, 1538, 1523, 1563, 1538, 1583, 1549, 1595, 1612, 1614, 1624, 1624, 1629, 1682, 1641, 1703, 1692, 1713, 1728, 1760, 1722, 1797, 1805, 1815, 1839, 1888, 1852, 1886, 1865, 1911, 1915, 1905, 1922, 1930, 1930, 1982, 1916, 1948, 1953, 1966, 1964, 1966, 1966, 2000, 1933, 1979, 1950, 1890, 1873, 1844, 1811, 1832, 1762, 1825, 1824, 1850, 1870, 1902, 1934, 1926, 1915, 1941, 1899, 1946, 1912, 1899, 1892, 1892, 1879, 1944, 1911, 1905, 1902, 1905, 1913, 1915, 1870, 1894, 1856, 1888, 1836, 1841, 1826, 1826, 1820, 1819, 1769, 1811, 1767, 1784, 1791, 1761, 1742, 1763, 1706, 1742, 1710, 1691, 1695, 1703, 1661, 1689, 1672, 1653, 1655, 1662, 1620, 1638, 1599, 1601, 1648]",1492.050048828125,0.0005400000372901559,60,2038,1,0,
1769,"[0, 1460, 1513, 1471, 1491, 1460, 1525, 1473, 1527, 1487, 1501, 1496, 1503, 1503, 1550, 1493, 1522, 1508, 1550, 1529, 1572, 1546, 1518, 1504, 1537, 1533, 1561, 1558, 1595, 1577, 1612, 1591, 1662, 1675, 1709, 1658, 1738, 1719, 1754, 1753, 1790, 1794, 1838, 1843, 1849, 1853, 1885, 1888, 1915, 1901, 1945, 1951, 1949, 1940, 1955, 1946, 2019, 1957, 1991, 2003, 2001, 2011, 1983, 1948, 1941, 1876, 1887, 1825, 1820, 1788, 1831, 1835, 1889, 1894, 1957, 1940, 1956, 1934, 1981, 1982, 1950, 1952, 1942, 1919, 1965, 1905, 1950, 1940, 1941, 1946, 1909, 1920, 1926, 1901, 1911, 1906, 1909, 1904, 1906, 1861, 1899, 1818, 1846, 1803, 1837, 1815, 1785, 1814, 1778, 1762, 1785, 1729, 1756, 1751, 1733, 1751, 1737, 1686, 1735, 1667, 1699, 1681, 1669, 1661, 1678, 1609, 1656, 1672]",1492.050048828125,0.0005200000596232712,60,2007,1,0,
1906,"[0, 1476, 1530, 1485, 1512, 1489, 1514, 1480, 1481, 1515, 1542, 1520, 1551, 1518, 1548, 1510, 1532, 1531, 1529, 1503, 1524, 1517, 1509, 1505, 1553, 1529, 1613, 1579, 1623, 1608, 1660, 1634, 1679, 1661, 1706, 1691, 1741, 1702, 1713, 1756, 1773, 1765, 1825, 1799, 1830, 1832, 1854, 1874, 1931, 1894, 1929, 1956, 1956, 1947, 1959, 1961, 2005, 1976, 1980, 1993, 1987, 1998, 1959, 1959, 1925, 1857, 1888, 1831, 1829, 1813, 1817, 1821, 1884, 1865, 1947, 1922, 1953, 1945, 1947, 1950, 1957, 1918, 1927, 1927, 1924, 1921, 1932, 1930, 1965, 1895, 1933, 1948, 1910, 1934, 1920, 1917, 1913, 1887, 1896, 1860, 1907, 1855, 1852, 1839, 1833, 1814, 1845, 1857, 1805, 1816, 1822, 1768, 1813, 1770, 1786, 1757, 1743, 1727, 1742, 1707, 1736, 1700, 1711, 1710, 1678, 1662, 1663, 1687]",1970.0001220703125,0.00048000007518567145,56,1980,1,4,
2044,"[0, 1466, 1524, 1504, 1508, 1460, 1504, 1481, 1480, 1461, 1483, 1461, 1485, 1496, 1515, 1494, 1520, 1489, 1546, 1528, 1555, 1516, 1539, 1542, 1542, 1573, 1610, 1578, 1624, 1625, 1655, 1669, 1700, 1687, 1733, 1724, 1766, 1792, 1784, 1820, 1841, 1819, 1867, 1845, 1901, 1874, 1894, 1907, 1908, 1898, 1941, 1927, 1967, 1932, 1938, 1942, 1943, 1957, 1962, 1943, 1993, 1933, 1966, 1945, 1905, 1876, 1882, 1823, 1838, 1777, 1819, 1832, 1866, 1875, 1953, 1917, 2006, 1915, 1957, 1949, 1931, 1948, 1927, 1904, 1930, 1896, 1944, 1919, 1908, 1900, 1885, 1900, 1893, 1854, 1903, 1873, 1872, 1873, 1851, 1834, 1861, 1812, 1850, 1830, 1832, 1829, 1800, 1815, 1806, 1760, 1791, 1763, 1763, 1789, 1786, 1762, 1749, 1754, 1753, 1741, 1778, 1725, 1758, 1723, 1729, 1642, 1652, 1683]",1492.050048828125,0.0004400000616442412,60,1981,1,0,
2175,"[0, 1500, 1552, 1468, 1506, 1462, 1479, 1464, 1451, 1462, 1483, 1453, 1486, 1486, 1498, 1492, 1521, 1489, 1560, 1556, 1597, 1575, 1597, 1595, 1619, 1614, 1652, 1638, 1692, 1664, 1721, 1685, 1697, 1708, 1751, 1736, 1784, 1778, 1799, 1811, 1835, 1826, 1874, 1890, 1912, 1887, 1935, 1915, 1929, 1935, 1950, 1947, 1972, 1931, 1961, 1938, 1996, 1972, 1977, 1976, 1991, 1967, 1986, 1950, 1958, 1886, 1890, 1871, 1851, 1788, 1859, 1815, 1904, 1875, 1921, 1955, 1970, 1959, 1962, 1949, 1959, 1928, 1944, 1914, 1930, 1934, 1952, 1924, 1944, 1908, 1929, 1910, 1905, 1902, 1894, 1909, 1896, 1866, 1911, 1836, 1882, 1841, 1871, 1839, 1873, 1828, 1853, 1839, 1803, 1817, 1805, 1785, 1804, 1755, 1769, 1731, 1741, 1693, 1706, 1733, 1727, 1706, 1729, 1686, 1714, 1661, 1676, 1682]",1110.0,0.0004400000616442412,60,1985,1,0,
2305,"[0, 1451, 1531, 1482, 1505, 1490, 1472, 1490, 1488, 1464, 1508, 1450, 1512, 1460, 1504, 1455, 1482, 1506, 1523, 1516, 1574, 1546, 1551, 1572, 1581, 1609, 1627, 1615, 1673, 1640, 1656, 1686, 1687, 1683, 1748, 1698, 1791, 1766, 1769, 1811, 1824, 1830, 1841, 1846, 1892, 1860, 1881, 1889, 1883, 1881, 1902, 1903, 1949, 1890, 1932, 1959, 1949, 1961, 1964, 1932, 2000, 1944, 1952, 1953, 1898, 1889, 1870, 1822, 1823, 1754, 1833, 1804, 1852, 1847, 1911, 1928, 1949, 1931, 1982, 1976, 1950, 1958, 1954, 1914, 1944, 1916, 1963, 1948, 1940, 1938, 1876, 1896, 1866, 1862, 1873, 1849, 1867, 1838, 1839, 1811, 1842, 1810, 1871, 1873, 1835, 1847, 1846, 1818, 1834, 1789, 1813, 1800, 1789, 1777, 1747, 1754, 1733, 1710, 1725, 1693, 1734, 1704, 1730, 1703, 1672, 1655, 1679, 1718]",1492.050048828125,0.000400000048102811,60,2027,1,0,
2435,"[0, 1459, 1505, 1491, 1542, 1503, 1500, 1510, 1488, 1467, 1506, 1462, 1497, 1475, 1522, 1468, 1524, 1504, 1540, 1539, 1542, 1511, 1560, 1522, 1566, 1579, 1582, 1592, 1618, 1606, 1666, 1663, 1680, 1703, 1696, 1715, 1769, 1738, 1781, 1793, 1803, 1830, 1842, 1858, 1862, 1841, 1898, 1865, 1898, 1897, 1904, 1933, 1926, 1904, 1940, 1963, 1961, 1977, 1973, 1968, 2001, 1955, 1961, 1962, 1904, 1882, 1863, 1824, 1798, 1757, 1815, 1793, 1873, 1863, 1884, 1916, 1930, 1926, 1953, 1925, 1959, 1930, 1909, 1903, 1922, 1904, 1957, 1893, 1953, 1889, 1907, 1960, 1914, 1914, 1940, 1893, 1944, 1893, 1900, 1899, 1881, 1851, 1879, 1813, 1854, 1809, 1835, 1800, 1789, 1796, 1787, 1759, 1793, 1742, 1774, 1755, 1753, 1737, 1738, 1715, 1760, 1704, 1736, 1709, 1696, 1689, 1682, 1717]",1492.050048828125,0.00038000004133209586,60,2008,1,0,
2564,"[0, 1471, 1496, 1507, 1507, 1491, 1499, 1470, 1510, 1477, 1494, 1483, 1518, 1478, 1536, 1487, 1514, 1532, 1543, 1534, 1569, 1531, 1585, 1533, 1607, 1603, 1615, 1630, 1648, 1642, 1695, 1647, 1727, 1681, 1731, 1726, 1751, 1769, 1775, 1774, 1830, 1817, 1847, 1859, 1901, 1894, 1911, 1911, 1922, 1892, 1945, 1925, 1946, 1943, 1935, 1959, 1993, 1988, 1983, 2012, 2003, 1975, 2004, 1939, 1930, 1878, 1874, 1849, 1815, 1794, 1816, 1813, 1876, 1860, 1928, 1926, 1948, 1949, 1952, 1942, 1934, 1947, 1943, 1898, 1946, 1927, 1939, 1946, 1933, 1935, 1922, 1908, 1903, 1879, 1910, 1884, 1885, 1873, 1877, 1839, 1865, 1810, 1857, 1817, 1822, 1820, 1818, 1792, 1819, 1759, 1776, 1769, 1755, 1770, 1744, 1710, 1723, 1668, 1715, 1680, 1703, 1703, 1674, 1668, 1690, 1623, 1655, 1679]",1970.0001220703125,0.000400000048102811,58,1969,1,2,
2694,"[0, 1487, 1483, 1486, 1504, 1440, 1502, 1446, 1473, 1463, 1467, 1453, 1514, 1478, 1533, 1477, 1514, 1507, 1540, 1532, 1575, 1549, 1581, 1577, 1593, 1623, 1658, 1619, 1676, 1670, 1684, 1710, 1721, 1735, 1768, 1720, 1792, 1766, 1811, 1831, 1832, 1850, 1865, 1868, 1896, 1912, 1914, 1923, 1916, 1911, 1968, 1921, 1972, 1956, 1963, 1958, 1983, 1957, 1967, 1968, 1988, 1943, 1947, 1944, 1900, 1852, 1853, 1809, 1815, 1757, 1851, 1804, 1861, 1896, 1909, 1947, 1972, 1939, 1976, 1931, 1947, 1902, 1895, 1890, 1895, 1887, 1922, 1882, 1913, 1882, 1889, 1898, 1869, 1893, 1896, 1877, 1890, 1859, 1878, 1841, 1856, 1828, 1833, 1805, 1826, 1770, 1780, 1777, 1761, 1750, 1761, 1742, 1745, 1706, 1707, 1691, 1702, 1680, 1704, 1685, 1704, 1673, 1696, 1673, 1661, 1645, 1639, 1674]",1970.0001220703125,0.0004200000548735261,58,1994,1,2,
2820,"[0, 1482, 1482, 1500, 1508, 1455, 1498, 1444, 1466, 1459, 1470, 1456, 1502, 1472, 1504, 1502, 1495, 1494, 1558, 1498, 1578, 1538, 1567, 1554, 1571, 1598, 1637, 1599, 1662, 1620, 1686, 1659, 1681, 1736, 1763, 1727, 1807, 1788, 1800, 1838, 1847, 1835, 1885, 1866, 1904, 1894, 1919, 1923, 1959, 1918, 1979, 1945, 1959, 1986, 1975, 1992, 2004, 1972, 2012, 1960, 2005, 1988, 1952, 1961, 1923, 1864, 1875, 1814, 1825, 1786, 1808, 1810, 1845, 1867, 1888, 1907, 1960, 1898, 1947, 1903, 1916, 1930, 1912, 1893, 1938, 1881, 1952, 1910, 1921, 1910, 1905, 1912, 1906, 1887, 1899, 1865, 1855, 1859, 1862, 1833, 1850, 1791, 1826, 1786, 1792, 1794, 1832, 1780, 1795, 1755, 1763, 1763, 1748, 1739, 1751, 1689, 1742, 1689, 1707, 1717, 1719, 1691, 1723, 1669, 1692, 1648, 1643, 1701]",1547.949951171875,0.0004400000616442412,56,1978,1,0,
2949,"[0, 1448, 1484, 1478, 1499, 1442, 1508, 1454, 1495, 1469, 1472, 1487, 1494, 1478, 1487, 1468, 1515, 1473, 1541, 1506, 1524, 1546, 1540, 1563, 1605, 1560, 1646, 1610, 1629, 1660, 1664, 1669, 1724, 1722, 1743, 1753, 1793, 1778, 1802, 1814, 1841, 1855, 1863, 1898, 1871, 1882, 1912, 1869, 1925, 1889, 1916, 1927, 1925, 1919, 1942, 1933, 1994, 1982, 1969, 1984, 1986, 1973, 1981, 1944, 1945, 1876, 1873, 1807, 1841, 1785, 1828, 1839, 1878, 1905, 1951, 1942, 1995, 1953, 1981, 1939, 1935, 1944, 1915, 1918, 1934, 1898, 1959, 1924, 1937, 1923, 1883, 1926, 1881, 1894, 1898, 1856, 1907, 1859, 1866, 1844, 1835, 1851, 1861, 1799, 1816, 1821, 1803, 1819, 1796, 1763, 1787, 1737, 1755, 1692, 1730, 1711, 1697, 1689, 1684, 1678, 1709, 1678, 1711, 1674, 1676, 1666, 1647, 1718]",1506.0250244140625,0.0005000000819563866,59,1998,1,1,
3086,"[0, 1461, 1474, 1476, 1480, 1463, 1490, 1421, 1474, 1472, 1475, 1468, 1497, 1463, 1514, 1478, 1499, 1480, 1513, 1513, 1536, 1521, 1571, 1524, 1599, 1584, 1619, 1619, 1656, 1621, 1679, 1668, 1700, 1729, 1742, 1718, 1802, 1737, 1793, 1781, 1816, 1836, 1858, 1861, 1875, 1842, 1897, 1879, 1894, 1906, 1941, 1950, 1972, 1936, 1969, 1966, 2003, 1978, 1981, 1986, 1974, 1951, 1949, 1932, 1909, 1847, 1864, 1809, 1797, 1747, 1808, 1817, 1871, 1876, 1934, 1924, 1982, 1942, 1964, 1946, 1951, 1928, 1928, 1884, 1908, 1901, 1925, 1888, 1922, 1876, 1906, 1914, 1869, 1877, 1916, 1905, 1912, 1875, 1881, 1863, 1861, 1827, 1844, 1815, 1839, 1809, 1746, 1738, 1730, 1718, 1731, 1693, 1728, 1676, 1703, 1677, 1673, 1705, 1720, 1707, 1745, 1725, 1724, 1701, 1691, 1669, 1670, 1707]",1492.050048828125,0.0005000000819563866,60,1934,1,0,
3224,"[0, 1482, 1487, 1498, 1462, 1410, 1444, 1416, 1439, 1408, 1437, 1408, 1495, 1477, 1518, 1480, 1524, 1511, 1528, 1544, 1557, 1540, 1585, 1558, 1605, 1609, 1641, 1635, 1658, 1650, 1699, 1675, 1716, 1740, 1751, 1734, 1817, 1777, 1834, 1838, 1860, 1876, 1901, 1813, 1841, 1858, 1880, 1849, 1874, 1841, 1878, 1908, 1908, 1883, 1980, 2011, 1992, 2015, 2002, 1993, 2039, 2001, 1984, 2002, 1939, 1906, 1867, 1822, 1837, 1764, 1815, 1809, 1837, 1896, 1958, 1929, 1986, 1944, 1965, 1918, 1944, 1917, 1898, 1896, 1899, 1898, 1939, 1893, 1953, 1894, 1917, 1926, 1902, 1899, 1895, 1872, 1922, 1856, 1873, 1841, 1909, 1820, 1874, 1818, 1830, 1823, 1806, 1812, 1807, 1757, 1814, 1769, 1782, 1729, 1740, 1748, 1707, 1706, 1733, 1689, 1728, 1704, 1714, 1654, 1677, 1637, 1621, 1683]",1970.0001220703125,0.00046000006841495633,56,2024,1,0,
3357,"[0, 1439, 1510, 1485, 1466, 1469, 1459, 1449, 1482, 1442, 1500, 1437, 1500, 1466, 1477, 1476, 1497, 1506, 1535, 1535, 1568, 1539, 1586, 1551, 1618, 1611, 1623, 1623, 1625, 1644, 1690, 1664, 1712, 1710, 1759, 1760, 1775, 1778, 1813, 1798, 1841, 1800, 1882, 1869, 1859, 1883, 1903, 1876, 1930, 1877, 1935, 1986, 1965, 1937, 1973, 1957, 2012, 1975, 1970, 1996, 2007, 1977, 2000, 1928, 1915, 1858, 1853, 1815, 1799, 1761, 1813, 1793, 1865, 1855, 1905, 1933, 1965, 1924, 1995, 1927, 1951, 1940, 1893, 1910, 1925, 1904, 1954, 1909, 1917, 1895, 1899, 1891, 1898, 1881, 1870, 1900, 1881, 1860, 1865, 1867, 1867, 1845, 1857, 1812, 1862, 1803, 1824, 1815, 1780, 1792, 1787, 1753, 1734, 1757, 1727, 1727, 1724, 1679, 1713, 1699, 1708, 1708, 1693, 1675, 1689, 1649, 1629, 1707]",1970.0001220703125,0.0004200000548735261,56,1989,1,0,
3487,"[0, 1447, 1476, 1484, 1479, 1457, 1495, 1452, 1482, 1428, 1484, 1439, 1488, 1482, 1487, 1487, 1504, 1496, 1585, 1534, 1562, 1574, 1571, 1583, 1619, 1618, 1662, 1656, 1675, 1681, 1708, 1672, 1740, 1738, 1774, 1773, 1788, 1791, 1824, 1818, 1850, 1827, 1883, 1900, 1873, 1887, 1900, 1890, 1934, 1885, 1954, 1946, 1991, 1926, 1995, 1973, 1984, 2015, 1992, 1997, 2015, 1965, 1981, 1951, 1881, 1867, 1858, 1793, 1813, 1758, 1823, 1800, 1847, 1894, 1920, 1939, 1909, 1907, 1915, 1889, 1921, 1875, 1891, 1875, 1887, 1887, 1906, 1875, 1945, 1897, 1889, 1918, 1865, 1899, 1913, 1875, 1906, 1838, 1868, 1847, 1848, 1790, 1821, 1783, 1791, 1771, 1777, 1789, 1758, 1743, 1759, 1716, 1756, 1730, 1737, 1690, 1727, 1695, 1710, 1727, 1710, 1694, 1709, 1638, 1618, 1617, 1588, 1675]",1506.0250244140625,0.000400000048102811,59,2000,1,3,
3616,"[0, 1445, 1485, 1454, 1496, 1440, 1468, 1469, 1476, 1482, 1490, 1486, 1528, 1496, 1542, 1518, 1554, 1557, 1595, 1592, 1646, 1612, 1660, 1643, 1672, 1709, 1715, 1708, 1774, 1743, 1782, 1777, 1777, 1797, 1835, 1798, 1897, 1827, 1874, 1875, 1877, 1878, 1949, 1932, 1929, 1923, 1917, 1929, 1957, 1910, 1986, 1967, 1987, 1974, 1988, 1978, 1964, 1991, 1981, 1971, 2006, 1972, 1975, 1967, 1944, 1906, 1862, 1837, 1826, 1744, 1801, 1767, 1827, 1798, 1848, 1889, 1933, 1897, 1965, 1916, 1956, 1941, 1886, 1909, 1918, 1901, 1958, 1916, 1945, 1905, 1947, 1956, 1896, 1927, 1915, 1902, 1922, 1862, 1901, 1858, 1876, 1868, 1833, 1832, 1842, 1794, 1818, 1801, 1778, 1787, 1775, 1767, 1788, 1720, 1758, 1690, 1724, 1686, 1697, 1724, 1722, 1725, 1751, 1679, 1715, 1657, 1648, 1724]",1110.0,0.00036000003456138074,62,2019,1,2,
3745,"[0, 1386, 1487, 1464, 1465, 1421, 1497, 1438, 1466, 1483, 1477, 1469, 1497, 1514, 1537, 1518, 1561, 1549, 1609, 1594, 1603, 1617, 1646, 1616, 1683, 1678, 1724, 1723, 1732, 1753, 1799, 1753, 1807, 1836, 1834, 1824, 1895, 1850, 1865, 1895, 1871, 1890, 1893, 1910, 1928, 1946, 1945, 1964, 1975, 1928, 1973, 1949, 1959, 1961, 1961, 1977, 2002, 1970, 1978, 1953, 2009, 1975, 1981, 1987, 1962, 1955, 1931, 1874, 1879, 1760, 1809, 1757, 1781, 1804, 1840, 1836, 1912, 1882, 1949, 1919, 1925, 1954, 1919, 1909, 1957, 1907, 1953, 1922, 1940, 1927, 1911, 1919, 1912, 1868, 1915, 1871, 1901, 1848, 1850, 1840, 1867, 1818, 1840, 1792, 1835, 1822, 1807, 1801, 1797, 1764, 1812, 1760, 1762, 1769, 1730, 1727, 1740, 1705, 1720, 1710, 1754, 1709, 1739, 1720, 1695, 1689, 1662, 1712]",1110.0,0.0003400000277906656,63,2004,1,3,
3870,"[0, 1410, 1477, 1420, 1459, 1442, 1462, 1463, 1470, 1454, 1499, 1445, 1530, 1499, 1515, 1522, 1534, 1518, 1604, 1559, 1625, 1591, 1638, 1635, 1682, 1672, 1730, 1721, 1731, 1778, 1782, 1774, 1833, 1795, 1854, 1831, 1851, 1859, 1855, 1869, 1905, 1854, 1915, 1905, 1896, 1926, 1927, 1927, 1961, 1923, 1971, 1945, 1970, 1950, 1957, 1983, 1984, 1951, 1999, 2015, 2000, 2034, 2006, 2002, 2016, 1952, 1967, 1908, 1873, 1820, 1789, 1781, 1825, 1784, 1880, 1876, 1923, 1939, 1958, 1959, 1968, 1943, 1923, 1891, 1932, 1912, 1928, 1925, 1924, 1905, 1923, 1909, 1903, 1881, 1904, 1917, 1895, 1897, 1896, 1840, 1894, 1847, 1848, 1848, 1830, 1817, 1800, 1784, 1814, 1748, 1790, 1753, 1749, 1763, 1754, 1723, 1756, 1699, 1730, 1752, 1750, 1754, 1778, 1716, 1742, 1684, 1673, 1733]",1970.0001220703125,0.00036000003456138074,64,1982,0,8,
3999,"[0, 1420, 1482, 1432, 1477, 1443, 1478, 1425, 1464, 1460, 1471, 1474, 1513, 1468, 1542, 1529, 1539, 1554, 1611, 1568, 1651, 1598, 1633, 1644, 1665, 1684, 1725, 1697, 1748, 1713, 1782, 1776, 1798, 1818, 1829, 1820, 1879, 1879, 1860, 1911, 1893, 1884, 1956, 1922, 1925, 1922, 1908, 1925, 1953, 1926, 1941, 1941, 1958, 1899, 1962, 1959, 1963, 1966, 1970, 1955, 2003, 1926, 1961, 1963, 1932, 1917, 1889, 1841, 1833, 1752, 1781, 1748, 1781, 1811, 1857, 1875, 1966, 1916, 1960, 1960, 1945, 1953, 1910, 1889, 1951, 1954, 1947, 1927, 1979, 1922, 1960, 1952, 1907, 1940, 1919, 1916, 1931, 1885, 1912, 1845, 1895, 1856, 1861, 1837, 1828, 1803, 1834, 1792, 1808, 1767, 1762, 1747, 1755, 1729, 1741, 1704, 1727, 1692, 1693, 1713, 1715, 1724, 1760, 1699, 1712, 1688, 1652, 1724]",1547.949951171875,0.0003200000210199505,56,1998,1,0,
4127,"[0, 1432, 1460, 1427, 1462, 1411, 1450, 1447, 1463, 1443, 1456, 1468, 1480, 1494, 1525, 1486, 1520, 1540, 1561, 1561, 1605, 1582, 1621, 1604, 1642, 1666, 1694, 1686, 1766, 1742, 1756, 1794, 1802, 1809, 1853, 1823, 1885, 1873, 1858, 1877, 1860, 1870, 1893, 1879, 1915, 1899, 1922, 1927, 1935, 1904, 1964, 1965, 1986, 1950, 1959, 1988, 1985, 1994, 2004, 1972, 2033, 1997, 2005, 1976, 1963, 1921, 1906, 1869, 1854, 1758, 1829, 1773, 1812, 1834, 1856, 1904, 1952, 1984, 1995, 1987, 2018, 1945, 1961, 1947, 1946, 1959, 1970, 1907, 1958, 1922, 1923, 1959, 1881, 1921, 1909, 1874, 1929, 1866, 1892, 1864, 1883, 1819, 1889, 1826, 1865, 1836, 1817, 1833, 1813, 1787, 1829, 1772, 1753, 1745, 1761, 1719, 1751, 1704, 1728, 1743, 1724, 1723, 1730, 1688, 1703, 1665, 1646, 1725]",1970.0001220703125,0.0003200000210199505,64,2023,1,4,
4256,"[0, 1385, 1454, 1429, 1431, 1438, 1451, 1400, 1470, 1440, 1474, 1477, 1480, 1498, 1511, 1499, 1557, 1549, 1559, 1574, 1593, 1587, 1637, 1593, 1665, 1670, 1691, 1698, 1717, 1706, 1744, 1732, 1769, 1755, 1792, 1801, 1826, 1834, 1831, 1850, 1884, 1842, 1895, 1906, 1913, 1886, 1938, 1880, 1933, 1917, 1924, 1960, 1931, 1930, 1942, 1944, 1936, 1945, 1938, 1940, 1979, 1920, 1963, 1947, 1950, 1921, 1918, 1900, 1845, 1778, 1813, 1759, 1826, 1805, 1852, 1869, 1921, 1944, 2005, 1960, 1981, 1969, 1949, 1964, 1950, 1924, 1980, 1928, 1974, 1941, 1907, 1960, 1893, 1902, 1909, 1881, 1902, 1861, 1883, 1881, 1845, 1848, 1869, 1860, 1841, 1831, 1840, 1820, 1813, 1778, 1809, 1791, 1765, 1789, 1759, 1712, 1749, 1708, 1724, 1720, 1730, 1731, 1740, 1678, 1730, 1673, 1696, 1747]",1970.0001220703125,0.0003000000142492354,59,2027,1,4,
4385,"[0, 1423, 1444, 1433, 1433, 1399, 1453, 1402, 1450, 1439, 1448, 1422, 1505, 1476, 1491, 1512, 1513, 1517, 1599, 1554, 1563, 1563, 1608, 1564, 1646, 1638, 1667, 1678, 1694, 1685, 1742, 1733, 1777, 1796, 1820, 1806, 1869, 1830, 1864, 1877, 1876, 1897, 1909, 1880, 1906, 1871, 1918, 1919, 1907, 1903, 1945, 1918, 1947, 1905, 1944, 1906, 1950, 1921, 1941, 1952, 1936, 1947, 1954, 1923, 1942, 1882, 1876, 1838, 1823, 1754, 1799, 1757, 1820, 1817, 1848, 1893, 1926, 1938, 1968, 1944, 1957, 1948, 1918, 1910, 1929, 1919, 1972, 1898, 1935, 1912, 1908, 1929, 1874, 1882, 1920, 1858, 1896, 1863, 1844, 1859, 1830, 1810, 1829, 1839, 1841, 1817, 1818, 1786, 1790, 1763, 1775, 1762, 1752, 1740, 1751, 1701, 1742, 1694, 1712, 1716, 1713, 1730, 1747, 1689, 1732, 1674, 1664, 1724]",1970.0001220703125,0.0003000000142492354,64,1969,0,8,
4514,"[0, 1381, 1464, 1446, 1447, 1410, 1447, 1422, 1427, 1436, 1436, 1410, 1475, 1447, 1468, 1475, 1487, 1508, 1551, 1503, 1538, 1537, 1544, 1558, 1597, 1583, 1636, 1611, 1662, 1660, 1668, 1686, 1758, 1743, 1810, 1759, 1805, 1821, 1829, 1845, 1867, 1848, 1910, 1892, 1905, 1940, 1981, 1915, 1970, 1921, 1988, 1985, 1974, 1974, 1987, 1981, 2013, 1966, 1964, 2000, 1977, 1996, 1986, 1963, 1994, 1908, 1909, 1842, 1800, 1769, 1787, 1771, 1818, 1815, 1877, 1899, 1931, 1921, 1961, 1928, 1948, 1904, 1909, 1896, 1896, 1898, 1919, 1903, 1938, 1878, 1917, 1903, 1896, 1882, 1923, 1877, 1911, 1879, 1866, 1860, 1876, 1831, 1862, 1799, 1794, 1784, 1791, 1756, 1783, 1743, 1752, 1731, 1741, 1739, 1712, 1699, 1743, 1714, 1710, 1717, 1719, 1697, 1739, 1673, 1709, 1670, 1671, 1725]",1110.0,0.0003000000142492354,61,1966,1,5,
4644,"[0, 1402, 1435, 1441, 1419, 1427, 1416, 1387, 1441, 1392, 1447, 1396, 1465, 1448, 1497, 1448, 1486, 1499, 1525, 1524, 1533, 1534, 1541, 1553, 1587, 1586, 1646, 1605, 1655, 1653, 1674, 1704, 1761, 1735, 1794, 1794, 1821, 1834, 1831, 1839, 1902, 1872, 1921, 1900, 1898, 1892, 1911, 1888, 1938, 1884, 1947, 1946, 1914, 1927, 1943, 1951, 1993, 1994, 1970, 2013, 2016, 1995, 2010, 1985, 1979, 1949, 1917, 1860, 1817, 1784, 1786, 1765, 1839, 1797, 1860, 1889, 1922, 1948, 1989, 1949, 1983, 1943, 1951, 1929, 1936, 1932, 1960, 1916, 1961, 1907, 1912, 1927, 1869, 1903, 1893, 1879, 1897, 1860, 1866, 1851, 1829, 1836, 1806, 1784, 1808, 1754, 1780, 1782, 1733, 1756, 1749, 1714, 1747, 1693, 1738, 1709, 1706, 1705, 1694, 1701, 1721, 1690, 1724, 1676, 1698, 1666, 1664, 1730]",1464.0999755859375,0.0002800000074785203,62,2029,1,2,
4775,"[0, 1376, 1440, 1417, 1406, 1408, 1415, 1402, 1443, 1389, 1433, 1400, 1471, 1440, 1482, 1462, 1473, 1499, 1528, 1513, 1527, 1540, 1555, 1525, 1607, 1578, 1623, 1635, 1636, 1672, 1724, 1678, 1749, 1766, 1777, 1769, 1824, 1803, 1845, 1846, 1863, 1879, 1862, 1875, 1896, 1879, 1916, 1889, 1904, 1902, 1929, 1918, 1949, 1895, 1971, 1976, 1959, 1970, 1966, 1966, 2011, 1960, 1982, 1991, 1961, 1929, 1887, 1831, 1861, 1740, 1790, 1770, 1791, 1819, 1856, 1867, 1938, 1905, 1958, 1921, 1916, 1928, 1881, 1893, 1900, 1858, 1925, 1862, 1894, 1878, 1878, 1906, 1878, 1856, 1906, 1877, 1857, 1852, 1842, 1830, 1835, 1785, 1828, 1823, 1823, 1775, 1810, 1782, 1790, 1786, 1763, 1755, 1766, 1725, 1706, 1692, 1718, 1660, 1721, 1683, 1697, 1710, 1716, 1676, 1702, 1637, 1690, 1716]",1492.050048828125,0.00026000000070780516,60,2009,1,4,
4905,"[0, 1349, 1432, 1421, 1419, 1412, 1436, 1401, 1441, 1400, 1444, 1400, 1437, 1450, 1453, 1455, 1485, 1444, 1527, 1509, 1535, 1548, 1571, 1550, 1624, 1590, 1659, 1654, 1663, 1676, 1684, 1704, 1727, 1711, 1787, 1750, 1798, 1812, 1811, 1829, 1856, 1821, 1908, 1899, 1899, 1930, 1911, 1922, 1949, 1901, 1972, 1945, 1973, 1970, 1934, 1935, 1978, 1949, 1956, 1981, 1951, 1963, 1958, 1948, 1966, 1886, 1932, 1884, 1838, 1800, 1792, 1793, 1852, 1806, 1900, 1903, 1957, 1976, 1966, 1938, 1962, 1922, 1932, 1915, 1897, 1921, 1921, 1896, 1947, 1873, 1921, 1964, 1926, 1908, 1940, 1895, 1931, 1883, 1893, 1869, 1874, 1839, 1857, 1804, 1812, 1809, 1798, 1806, 1795, 1757, 1797, 1722, 1760, 1732, 1722, 1687, 1717, 1670, 1717, 1689, 1687, 1726, 1711, 1671, 1703, 1681, 1656, 1724]",1970.0001220703125,0.00023999999393709004,56,2002,1,4,
5035,"[0, 1366, 1430, 1391, 1432, 1384, 1413, 1412, 1413, 1398, 1433, 1440, 1451, 1444, 1483, 1431, 1505, 1470, 1530, 1500, 1528, 1540, 1544, 1543, 1592, 1557, 1631, 1619, 1635, 1657, 1718, 1681, 1751, 1761, 1778, 1787, 1823, 1817, 1853, 1843, 1890, 1863, 1874, 1898, 1900, 1881, 1933, 1897, 1930, 1923, 1923, 1938, 1970, 1933, 1909, 1929, 1956, 1918, 1947, 1948, 1959, 1947, 1932, 1966, 1944, 1923, 1897, 1860, 1839, 1767, 1814, 1759, 1816, 1830, 1866, 1908, 1956, 1953, 1999, 1974, 1974, 1976, 1946, 1955, 1959, 1938, 1986, 1918, 1968, 1910, 1912, 1949, 1891, 1911, 1929, 1880, 1922, 1886, 1886, 1876, 1861, 1867, 1881, 1818, 1874, 1818, 1831, 1839, 1795, 1801, 1808, 1764, 1811, 1735, 1764, 1747, 1716, 1722, 1725, 1706, 1738, 1706, 1741, 1707, 1697, 1661, 1661, 1684]",1970.0001220703125,0.00026000000070780516,59,1972,1,1,
5165,"[0, 1375, 1454, 1416, 1433, 1372, 1422, 1396, 1405, 1405, 1408, 1385, 1467, 1427, 1455, 1463, 1473, 1465, 1527, 1514, 1555, 1555, 1564, 1572, 1601, 1589, 1662, 1613, 1679, 1685, 1686, 1699, 1716, 1718, 1780, 1737, 1805, 1809, 1806, 1850, 1867, 1841, 1872, 1855, 1883, 1870, 1886, 1884, 1891, 1867, 1929, 1907, 1932, 1901, 1939, 1940, 1997, 1936, 1971, 1967, 1978, 1998, 1972, 1971, 1979, 1887, 1927, 1891, 1848, 1812, 1814, 1799, 1870, 1825, 1901, 1921, 1955, 1982, 1965, 1965, 1958, 1937, 1956, 1907, 1935, 1924, 1928, 1951, 1937, 1904, 1956, 1960, 1916, 1945, 1943, 1905, 1929, 1878, 1918, 1883, 1880, 1877, 1837, 1835, 1836, 1805, 1830, 1805, 1801, 1785, 1784, 1772, 1780, 1760, 1786, 1751, 1751, 1753, 1752, 1742, 1783, 1733, 1777, 1729, 1718, 1709, 1681, 1723]",1110.0,0.0002800000074785203,59,1993,1,3,
5295,"[0, 1415, 1452, 1414, 1415, 1420, 1421, 1399, 1445, 1395, 1447, 1388, 1431, 1443, 1438, 1428, 1485, 1450, 1533, 1510, 1546, 1521, 1588, 1562, 1611, 1604, 1642, 1642, 1681, 1662, 1681, 1693, 1701, 1728, 1771, 1714, 1808, 1793, 1798, 1842, 1826, 1813, 1900, 1921, 1904, 1918, 1927, 1900, 1953, 1897, 1955, 1949, 1934, 1957, 1935, 1928, 1996, 1947, 1963, 1959, 1965, 1975, 1960, 1970, 1965, 1879, 1903, 1877, 1862, 1792, 1823, 1778, 1821, 1849, 1873, 1914, 1962, 1942, 1951, 1937, 1956, 1928, 1918, 1906, 1910, 1937, 1915, 1915, 1949, 1877, 1901, 1934, 1907, 1888, 1937, 1891, 1922, 1887, 1898, 1874, 1870, 1847, 1850, 1794, 1833, 1787, 1810, 1808, 1759, 1770, 1765, 1744, 1787, 1723, 1767, 1719, 1765, 1719, 1724, 1737, 1731, 1735, 1755, 1700, 1738, 1663, 1644, 1711]",1110.0,0.00026000000070780516,59,1978,1,3,
5425,"[0, 1384, 1447, 1395, 1432, 1393, 1429, 1398, 1404, 1417, 1413, 1402, 1488, 1422, 1485, 1470, 1482, 1498, 1542, 1482, 1551, 1522, 1553, 1557, 1579, 1594, 1635, 1595, 1674, 1644, 1697, 1711, 1748, 1727, 1799, 1760, 1829, 1833, 1831, 1849, 1887, 1855, 1881, 1866, 1892, 1875, 1890, 1875, 1903, 1867, 1944, 1913, 1936, 1912, 1948, 1943, 1994, 1944, 1992, 1997, 1978, 1998, 1977, 1956, 1981, 1912, 1942, 1907, 1860, 1813, 1803, 1801, 1876, 1825, 1927, 1939, 1974, 1989, 1992, 1938, 1977, 1965, 1926, 1931, 1935, 1925, 1969, 1918, 1958, 1925, 1916, 1912, 1870, 1903, 1901, 1887, 1902, 1852, 1883, 1833, 1845, 1844, 1874, 1813, 1851, 1831, 1813, 1823, 1791, 1779, 1800, 1744, 1792, 1736, 1709, 1727, 1718, 1715, 1721, 1680, 1739, 1712, 1725, 1706, 1686, 1681, 1695, 1696]",1492.050048828125,0.00023999999393709004,60,2019,1,0,
5555,"[0, 1354, 1434, 1422, 1412, 1412, 1421, 1394, 1445, 1396, 1446, 1392, 1458, 1438, 1446, 1452, 1474, 1466, 1531, 1528, 1554, 1541, 1590, 1562, 1611, 1630, 1644, 1663, 1671, 1657, 1685, 1684, 1761, 1727, 1787, 1764, 1800, 1810, 1816, 1818, 1875, 1862, 1880, 1930, 1912, 1904, 1953, 1883, 1950, 1925, 1937, 1973, 1974, 1936, 1953, 1938, 1981, 1953, 1956, 1983, 1975, 1950, 1976, 1939, 1961, 1910, 1918, 1865, 1843, 1785, 1803, 1788, 1846, 1814, 1914, 1921, 1951, 1974, 1943, 1960, 1949, 1921, 1928, 1888, 1917, 1893, 1914, 1934, 1924, 1887, 1949, 1936, 1920, 1923, 1916, 1915, 1927, 1862, 1905, 1849, 1881, 1876, 1824, 1818, 1833, 1790, 1811, 1796, 1778, 1782, 1762, 1761, 1777, 1723, 1755, 1750, 1737, 1714, 1736, 1718, 1756, 1740, 1737, 1717, 1714, 1701, 1673, 1687]",1970.0001220703125,0.00021999998716637492,60,2002,1,4,
5685,"[0, 1342, 1430, 1396, 1435, 1378, 1406, 1392, 1396, 1403, 1414, 1410, 1467, 1433, 1462, 1483, 1468, 1476, 1534, 1504, 1560, 1525, 1575, 1560, 1588, 1620, 1640, 1605, 1682, 1651, 1694, 1724, 1748, 1740, 1823, 1766, 1826, 1824, 1829, 1859, 1889, 1855, 1895, 1864, 1895, 1900, 1901, 1897, 1935, 1876, 1954, 1937, 1945, 1933, 1979, 1947, 1992, 1997, 1978, 1998, 2005, 1966, 2019, 1978, 1973, 1921, 1903, 1824, 1824, 1759, 1763, 1784, 1804, 1804, 1905, 1890, 1933, 1952, 1983, 1977, 1978, 1953, 1956, 1927, 1939, 1956, 1966, 1949, 1987, 1925, 1925, 1915, 1874, 1895, 1893, 1895, 1897, 1855, 1895, 1827, 1849, 1836, 1867, 1834, 1860, 1811, 1818, 1830, 1781, 1796, 1795, 1762, 1782, 1734, 1744, 1704, 1735, 1691, 1709, 1704, 1721, 1740, 1726, 1686, 1722, 1654, 1695, 1701]",1110.0,0.00023999999393709004,60,2040,1,0,
5815,"[0, 1363, 1413, 1375, 1419, 1395, 1383, 1405, 1398, 1373, 1417, 1412, 1456, 1412, 1477, 1472, 1481, 1499, 1535, 1500, 1570, 1543, 1582, 1593, 1604, 1618, 1675, 1645, 1707, 1678, 1727, 1766, 1774, 1792, 1854, 1799, 1873, 1846, 1839, 1882, 1910, 1883, 1929, 1921, 1901, 1913, 1923, 1887, 1957, 1904, 1936, 1949, 1941, 1951, 1952, 1994, 1966, 1993, 1987, 1999, 2045, 1984, 2003, 2015, 1967, 1960, 1940, 1870, 1858, 1759, 1818, 1771, 1797, 1816, 1857, 1900, 1952, 1918, 1947, 1911, 1947, 1906, 1907, 1898, 1893, 1893, 1921, 1888, 1948, 1868, 1903, 1950, 1901, 1886, 1928, 1869, 1898, 1892, 1859, 1839, 1856, 1831, 1836, 1847, 1843, 1802, 1836, 1802, 1787, 1795, 1781, 1775, 1780, 1731, 1746, 1701, 1721, 1721, 1708, 1713, 1717, 1695, 1729, 1675, 1717, 1656, 1696, 1717]",1110.0,0.00023999999393709004,62,2032,1,0,
5945,"[0, 1388, 1414, 1394, 1436, 1407, 1425, 1413, 1412, 1411, 1448, 1437, 1440, 1453, 1487, 1459, 1513, 1503, 1549, 1539, 1567, 1558, 1571, 1582, 1614, 1602, 1679, 1625, 1692, 1696, 1727, 1712, 1766, 1792, 1817, 1780, 1869, 1822, 1838, 1861, 1875, 1874, 1897, 1880, 1912, 1948, 1936, 1944, 1957, 1917, 1966, 1970, 1964, 1950, 1971, 1975, 1973, 1960, 1970, 1961, 1993, 1951, 1966, 1991, 1960, 1913, 1914, 1845, 1855, 1801, 1801, 1805, 1839, 1802, 1894, 1897, 1950, 1976, 1986, 1980, 1982, 1940, 1944, 1936, 1939, 1930, 1943, 1916, 1971, 1915, 1917, 1960, 1888, 1891, 1875, 1878, 1862, 1836, 1879, 1815, 1839, 1810, 1818, 1803, 1844, 1786, 1809, 1796, 1772, 1787, 1771, 1746, 1780, 1724, 1745, 1724, 1733, 1718, 1747, 1711, 1760, 1744, 1737, 1733, 1732, 1677, 1695, 1721]",1970.0001220703125,0.00021999998716637492,60,2011,1,3,
6074,"[0, 1357, 1418, 1381, 1419, 1396, 1430, 1392, 1420, 1432, 1429, 1435, 1451, 1444, 1457, 1457, 1487, 1467, 1557, 1502, 1544, 1552, 1597, 1600, 1620, 1635, 1699, 1654, 1719, 1705, 1738, 1751, 1778, 1789, 1826, 1820, 1852, 1869, 1858, 1881, 1912, 1864, 1922, 1938, 1913, 1917, 1935, 1901, 1953, 1907, 1956, 1970, 1928, 1950, 1958, 1941, 2006, 1923, 1952, 1944, 1952, 1972, 1945, 1963, 1948, 1880, 1913, 1850, 1829, 1773, 1778, 1751, 1823, 1795, 1873, 1856, 1928, 1937, 1953, 1943, 1963, 1906, 1932, 1897, 1900, 1916, 1921, 1910, 1927, 1886, 1915, 1908, 1897, 1901, 1927, 1886, 1924, 1873, 1877, 1867, 1865, 1840, 1852, 1813, 1853, 1791, 1778, 1780, 1772, 1734, 1761, 1729, 1739, 1729, 1709, 1691, 1718, 1693, 1725, 1720, 1720, 1749, 1751, 1703, 1737, 1652, 1685, 1716]",1110.0,0.00023999999393709004,62,2032,1,4,
6200,"[0, 1380, 1407, 1410, 1419, 1407, 1391, 1399, 1408, 1379, 1439, 1404, 1470, 1440, 1479, 1472, 1490, 1497, 1551, 1526, 1585, 1546, 1626, 1604, 1633, 1673, 1710, 1668, 1738, 1719, 1771, 1767, 1772, 1824, 1812, 1811, 1844, 1849, 1858, 1859, 1898, 1867, 1892, 1920, 1898, 1914, 1941, 1917, 1950, 1930, 1967, 1972, 1963, 1944, 1995, 1951, 1998, 1976, 1962, 1979, 1970, 1973, 1989, 1961, 1980, 1921, 1913, 1900, 1832, 1786, 1796, 1729, 1775, 1792, 1812, 1857, 1906, 1895, 1943, 1914, 1946, 1934, 1934, 1953, 1945, 1923, 1976, 1924, 1957, 1921, 1918, 1951, 1907, 1894, 1894, 1885, 1893, 1836, 1886, 1815, 1839, 1828, 1815, 1817, 1819, 1781, 1777, 1800, 1777, 1773, 1789, 1727, 1763, 1742, 1721, 1724, 1714, 1695, 1695, 1683, 1701, 1696, 1716, 1669, 1698, 1647, 1662, 1703]",1970.0001220703125,0.00026000000070780516,60,1997,1,4,
6329,"[0, 1359, 1428, 1392, 1429, 1400, 1411, 1400, 1397, 1418, 1441, 1389, 1467, 1445, 1458, 1470, 1475, 1482, 1547, 1506, 1574, 1559, 1572, 1562, 1573, 1601, 1647, 1619, 1673, 1647, 1697, 1704, 1724, 1750, 1779, 1784, 1821, 1825, 1824, 1847, 1896, 1859, 1902, 1904, 1901, 1915, 1921, 1883, 1935, 1869, 1924, 1928, 1924, 1940, 1941, 1937, 1970, 1936, 1963, 2006, 1992, 1995, 1998, 1971, 1995, 1905, 1913, 1874, 1830, 1805, 1803, 1745, 1819, 1799, 1868, 1894, 1920, 1929, 1967, 1928, 1971, 1936, 1926, 1948, 1939, 1913, 1980, 1931, 1947, 1940, 1901, 1967, 1930, 1930, 1943, 1893, 1894, 1899, 1868, 1860, 1863, 1814, 1860, 1803, 1833, 1816, 1805, 1806, 1814, 1775, 1791, 1780, 1769, 1756, 1765, 1727, 1754, 1722, 1723, 1694, 1717, 1708, 1712, 1697, 1712, 1635, 1673, 1689]",1970.0001220703125,0.0002800000074785203,58,1995,1,2,
6459,"[0, 1396, 1449, 1433, 1440, 1440, 1410, 1419, 1423, 1404, 1447, 1388, 1448, 1430, 1430, 1438, 1443, 1445, 1491, 1455, 1525, 1489, 1544, 1537, 1578, 1578, 1629, 1599, 1627, 1656, 1685, 1651, 1741, 1721, 1765, 1740, 1837, 1797, 1829, 1853, 1853, 1894, 1914, 1908, 1922, 1900, 1918, 1918, 1912, 1903, 1953, 1937, 1979, 1932, 1952, 1979, 1973, 1986, 1972, 1925, 1966, 1950, 1958, 1960, 1937, 1875, 1885, 1807, 1816, 1741, 1806, 1787, 1855, 1834, 1902, 1926, 1959, 1970, 1972, 1964, 1979, 1938, 1947, 1949, 1980, 1942, 2007, 1946, 1995, 1965, 1936, 1977, 1963, 1925, 1921, 1910, 1914, 1873, 1903, 1852, 1882, 1848, 1840, 1842, 1847, 1815, 1831, 1819, 1818, 1784, 1802, 1792, 1771, 1772, 1753, 1743, 1762, 1704, 1699, 1704, 1708, 1726, 1730, 1672, 1719, 1666, 1665, 1722]",1970.0001220703125,0.00023999999393709004,78,2012,0,20,
6589,"[0, 1381, 1412, 1418, 1419, 1394, 1422, 1386, 1436, 1385, 1444, 1417, 1430, 1438, 1461, 1442, 1449, 1461, 1500, 1485, 1541, 1517, 1539, 1561, 1598, 1583, 1647, 1621, 1653, 1672, 1685, 1685, 1741, 1788, 1801, 1809, 1847, 1822, 1860, 1864, 1901, 1895, 1907, 1931, 1942, 1912, 1921, 1912, 1939, 1881, 1970, 1941, 1947, 1959, 1944, 1967, 1980, 1919, 1960, 1957, 1959, 1963, 1930, 1934, 1934, 1869, 1878, 1819, 1788, 1776, 1803, 1782, 1848, 1810, 1912, 1915, 1951, 1975, 1990, 1953, 1990, 2011, 1970, 1953, 1977, 1953, 2004, 1969, 1970, 1966, 1954, 1960, 1943, 1943, 1934, 1917, 1936, 1886, 1903, 1867, 1883, 1870, 1840, 1850, 1852, 1831, 1783, 1793, 1779, 1738, 1788, 1734, 1748, 1733, 1718, 1719, 1730, 1707, 1713, 1729, 1705, 1739, 1745, 1692, 1754, 1671, 1675, 1723]",1970.0001220703125,0.00026000000070780516,59,2024,1,1,
6719,"[0, 1394, 1422, 1441, 1422, 1403, 1445, 1399, 1430, 1429, 1435, 1434, 1476, 1435, 1483, 1437, 1505, 1489, 1514, 1514, 1525, 1532, 1599, 1562, 1600, 1627, 1641, 1653, 1707, 1666, 1731, 1713, 1740, 1730, 1796, 1763, 1796, 1803, 1811, 1836, 1888, 1843, 1900, 1890, 1887, 1913, 1945, 1904, 1971, 1952, 1942, 1968, 1973, 1947, 2012, 1968, 2013, 1970, 1968, 1987, 1989, 1992, 1977, 1953, 1978, 1885, 1906, 1855, 1825, 1796, 1841, 1812, 1862, 1843, 1899, 1954, 1977, 1995, 2020, 1986, 2008, 1921, 1929, 1914, 1922, 1920, 1942, 1932, 1961, 1899, 1928, 1919, 1897, 1938, 1932, 1914, 1945, 1870, 1920, 1873, 1910, 1872, 1856, 1851, 1875, 1824, 1830, 1800, 1801, 1777, 1789, 1768, 1743, 1764, 1746, 1708, 1756, 1731, 1737, 1735, 1718, 1721, 1752, 1688, 1734, 1685, 1685, 1744]",1970.0001220703125,0.00023999999393709004,60,2006,1,1,
6850,"[0, 1359, 1432, 1419, 1398, 1395, 1407, 1392, 1414, 1389, 1436, 1392, 1447, 1425, 1471, 1458, 1481, 1488, 1520, 1497, 1556, 1516, 1573, 1544, 1589, 1610, 1626, 1637, 1673, 1647, 1706, 1690, 1733, 1757, 1790, 1765, 1844, 1821, 1831, 1865, 1859, 1887, 1908, 1890, 1920, 1879, 1898, 1907, 1908, 1905, 1942, 1920, 1960, 1925, 1946, 1965, 1972, 1964, 1987, 1977, 2006, 2011, 1974, 1992, 1998, 1939, 1937, 1878, 1865, 1750, 1792, 1761, 1791, 1834, 1860, 1906, 1952, 1922, 1979, 1947, 1964, 1912, 1905, 1897, 1886, 1893, 1909, 1883, 1940, 1872, 1905, 1909, 1870, 1911, 1928, 1890, 1897, 1903, 1882, 1862, 1874, 1824, 1852, 1810, 1830, 1757, 1779, 1775, 1735, 1761, 1753, 1731, 1755, 1702, 1717, 1702, 1705, 1693, 1702, 1716, 1721, 1722, 1739, 1671, 1717, 1662, 1658, 1718]",1110.0,0.00026000000070780516,60,2015,1,2,
6980,"[0, 1355, 1434, 1386, 1407, 1417, 1422, 1394, 1434, 1397, 1447, 1427, 1455, 1421, 1445, 1454, 1455, 1467, 1536, 1486, 1545, 1525, 1558, 1567, 1598, 1587, 1659, 1627, 1676, 1686, 1712, 1717, 1743, 1745, 1751, 1761, 1813, 1778, 1823, 1837, 1847, 1857, 1875, 1870, 1917, 1851, 1884, 1867, 1883, 1891, 1910, 1898, 1918, 1886, 1932, 1932, 1931, 1956, 1950, 1958, 1991, 1954, 1976, 1964, 1951, 1925, 1887, 1822, 1834, 1774, 1811, 1808, 1836, 1823, 1880, 1897, 1976, 1951, 1993, 1983, 1972, 1936, 1922, 1933, 1906, 1916, 1956, 1903, 1945, 1911, 1911, 1959, 1889, 1930, 1942, 1902, 1932, 1878, 1884, 1889, 1880, 1859, 1854, 1814, 1849, 1780, 1803, 1799, 1764, 1767, 1764, 1737, 1772, 1704, 1746, 1702, 1712, 1694, 1734, 1693, 1722, 1738, 1728, 1719, 1720, 1657, 1678, 1710]",1110.0,0.00023999999393709004,60,2002,1,0,
7109,"[0, 1364, 1407, 1408, 1414, 1406, 1400, 1382, 1406, 1381, 1442, 1378, 1440, 1439, 1472, 1469, 1470, 1477, 1537, 1503, 1571, 1546, 1535, 1555, 1578, 1594, 1631, 1622, 1672, 1644, 1690, 1688, 1715, 1733, 1780, 1778, 1805, 1827, 1846, 1835, 1878, 1862, 1897, 1932, 1897, 1903, 1886, 1886, 1921, 1863, 1938, 1918, 1924, 1914, 1928, 1937, 1947, 1932, 1997, 1982, 1992, 1972, 1966, 1969, 1962, 1914, 1914, 1853, 1842, 1778, 1794, 1791, 1834, 1814, 1902, 1909, 1948, 1966, 1992, 1983, 1978, 1955, 1971, 1944, 1980, 1957, 1965, 1971, 1976, 1947, 1948, 1966, 1945, 1929, 1943, 1895, 1903, 1885, 1891, 1848, 1888, 1826, 1858, 1831, 1841, 1831, 1797, 1770, 1773, 1752, 1744, 1734, 1727, 1711, 1731, 1683, 1713, 1682, 1716, 1677, 1722, 1705, 1707, 1681, 1697, 1653, 1670, 1685]",1970.0001220703125,0.0002800000074785203,60,1978,1,0,
7239,"[0, 1383, 1416, 1418, 1429, 1369, 1423, 1375, 1406, 1388, 1400, 1406, 1449, 1426, 1472, 1449, 1457, 1473, 1512, 1484, 1553, 1512, 1553, 1527, 1582, 1600, 1627, 1623, 1665, 1644, 1710, 1691, 1730, 1755, 1779, 1750, 1827, 1814, 1812, 1854, 1857, 1835, 1898, 1891, 1921, 1868, 1904, 1902, 1900, 1906, 1918, 1917, 1955, 1912, 1941, 1938, 1955, 1963, 1951, 1982, 1996, 1950, 1995, 1959, 1959, 1919, 1869, 1862, 1833, 1773, 1820, 1804, 1816, 1840, 1898, 1917, 1987, 1963, 2004, 1977, 1973, 1941, 1955, 1890, 1938, 1913, 1936, 1926, 1927, 1891, 1920, 1904, 1889, 1898, 1931, 1895, 1916, 1902, 1887, 1858, 1908, 1831, 1852, 1843, 1814, 1781, 1792, 1807, 1766, 1740, 1757, 1708, 1758, 1708, 1708, 1706, 1691, 1709, 1685, 1687, 1707, 1685, 1712, 1671, 1675, 1638, 1632, 1692]",1547.949951171875,0.0003000000142492354,56,1975,1,0,
7370,"[0, 1375, 1443, 1407, 1411, 1396, 1415, 1381, 1402, 1400, 1428, 1394, 1454, 1433, 1443, 1455, 1490, 1459, 1539, 1499, 1559, 1546, 1558, 1575, 1617, 1628, 1670, 1651, 1681, 1700, 1730, 1724, 1776, 1765, 1798, 1791, 1813, 1823, 1844, 1824, 1881, 1865, 1886, 1904, 1911, 1904, 1955, 1904, 1954, 1935, 1954, 1971, 1981, 1967, 1993, 1965, 1997, 1993, 1954, 1990, 1987, 1963, 1983, 1953, 1944, 1918, 1884, 1848, 1811, 1751, 1806, 1805, 1827, 1841, 1912, 1906, 1984, 1948, 1990, 1986, 1966, 1968, 1899, 1924, 1916, 1895, 1947, 1903, 1954, 1900, 1891, 1929, 1878, 1890, 1931, 1895, 1923, 1863, 1897, 1846, 1860, 1832, 1835, 1797, 1823, 1761, 1779, 1750, 1759, 1721, 1729, 1727, 1718, 1706, 1707, 1678, 1697, 1684, 1703, 1701, 1705, 1715, 1710, 1673, 1711, 1647, 1656, 1724]",1492.050048828125,0.0003200000210199505,60,1974,1,0,
7500,"[0, 1380, 1464, 1406, 1431, 1408, 1435, 1417, 1420, 1427, 1451, 1405, 1476, 1481, 1486, 1489, 1518, 1487, 1576, 1527, 1585, 1577, 1590, 1555, 1612, 1620, 1654, 1663, 1670, 1680, 1741, 1705, 1766, 1749, 1801, 1805, 1864, 1836, 1862, 1877, 1889, 1898, 1920, 1941, 1953, 1928, 1932, 1888, 1960, 1926, 1958, 1958, 1965, 1947, 1971, 1964, 2005, 1963, 1944, 1963, 1973, 1954, 1963, 1939, 1944, 1882, 1881, 1828, 1803, 1771, 1789, 1790, 1831, 1830, 1905, 1906, 1973, 1950, 1959, 1961, 1967, 1929, 1901, 1881, 1928, 1899, 1926, 1912, 1904, 1904, 1883, 1877, 1901, 1851, 1891, 1892, 1887, 1847, 1874, 1818, 1848, 1822, 1812, 1810, 1805, 1763, 1792, 1790, 1769, 1756, 1783, 1718, 1756, 1728, 1700, 1698, 1707, 1655, 1688, 1653, 1677, 1650, 1675, 1648, 1657, 1639, 1630, 1663]",1110.0,0.0003200000210199505,56,2036,1,6,
7629,"[0, 1419, 1447, 1426, 1461, 1416, 1421, 1430, 1437, 1424, 1474, 1422, 1478, 1453, 1475, 1446, 1491, 1493, 1514, 1507, 1540, 1517, 1559, 1508, 1579, 1568, 1594, 1620, 1628, 1613, 1678, 1672, 1713, 1724, 1754, 1743, 1803, 1786, 1817, 1837, 1845, 1854, 1880, 1888, 1916, 1880, 1907, 1933, 1948, 1899, 1962, 1950, 1943, 1953, 1972, 1977, 2014, 1953, 1987, 1957, 2022, 1966, 1956, 1977, 1943, 1886, 1897, 1830, 1846, 1775, 1793, 1776, 1795, 1825, 1862, 1895, 1941, 1900, 1941, 1924, 1918, 1939, 1916, 1914, 1931, 1900, 1950, 1916, 1942, 1903, 1877, 1922, 1895, 1877, 1945, 1909, 1920, 1871, 1882, 1850, 1862, 1846, 1865, 1804, 1837, 1811, 1798, 1800, 1752, 1753, 1775, 1742, 1754, 1735, 1703, 1719, 1703, 1687, 1708, 1651, 1703, 1693, 1683, 1677, 1681, 1638, 1646, 1675]",1110.0,0.0003000000142492354,60,2013,1,0,
7759,"[0, 1370, 1441, 1418, 1436, 1393, 1440, 1434, 1417, 1419, 1439, 1416, 1449, 1426, 1492, 1454, 1464, 1487, 1517, 1510, 1548, 1526, 1573, 1532, 1582, 1573, 1615, 1630, 1656, 1641, 1709, 1669, 1715, 1728, 1743, 1752, 1789, 1767, 1826, 1815, 1854, 1839, 1860, 1898, 1892, 1909, 1949, 1923, 1949, 1922, 1951, 1960, 1979, 1950, 1989, 1969, 1996, 1965, 1953, 1977, 1984, 1971, 1978, 1951, 1952, 1891, 1876, 1844, 1820, 1768, 1856, 1815, 1861, 1901, 1928, 1958, 2000, 1963, 2033, 2000, 1994, 1931, 1951, 1917, 1946, 1929, 1958, 1958, 1967, 1930, 1949, 1935, 1938, 1950, 1939, 1939, 1945, 1913, 1949, 1888, 1921, 1889, 1896, 1886, 1886, 1840, 1860, 1822, 1837, 1806, 1799, 1816, 1800, 1781, 1791, 1743, 1806, 1772, 1773, 1791, 1807, 1763, 1792, 1735, 1740, 1688, 1692, 1774]",1547.949951171875,0.0002800000074785203,88,2014,0,32,
7889,"[0, 1378, 1444, 1427, 1441, 1454, 1443, 1428, 1466, 1411, 1451, 1433, 1445, 1440, 1453, 1427, 1463, 1433, 1498, 1461, 1490, 1496, 1523, 1519, 1558, 1550, 1601, 1597, 1610, 1628, 1660, 1646, 1652, 1691, 1718, 1689, 1770, 1741, 1777, 1813, 1814, 1824, 1881, 1855, 1845, 1867, 1905, 1852, 1912, 1886, 1914, 1925, 1926, 1916, 1941, 1913, 2002, 1956, 1935, 1919, 1883, 1841, 1852, 1786, 1810, 1781, 1831, 1876, 1894, 1875, 1932, 1936, 1971, 1934, 1954, 1915, 1936, 1915, 1927, 1944, 1959, 1985, 1956, 1957, 1992, 1949, 2006, 1969, 1969, 1960, 1934, 1966, 1927, 1895, 1903, 1912, 1902, 1890, 1889, 1861, 1897, 1852, 1867, 1843, 1876, 1871, 1870, 1850, 1846, 1852, 1870, 1867, 1889, 1881, 1887, 1861, 1901, 1834, 1838, 1797, 1773, 1781, 1770, 1756, 1784, 1710, 1755, 1772]",1970.0001220703125,0.00026000000070780516,86,2025,0,12,
8024,"[0, 1403, 1434, 1417, 1461, 1447, 1446, 1440, 1467, 1433, 1483, 1418, 1494, 1443, 1488, 1468, 1473, 1483, 1506, 1470, 1511, 1453, 1491, 1473, 1481, 1478, 1513, 1471, 1516, 1490, 1497, 1503, 1498, 1489, 1535, 1480, 1542, 1497, 1512, 1513, 1513, 1517, 1532, 1517, 1560, 1519, 1543, 1535, 1534, 1532, 1556, 1526, 1562, 1505, 1547, 1538, 1586, 1533, 1566, 1546, 1581, 1559, 1547, 1558, 1600, 1554, 1604, 1556, 1610, 1566, 1609, 1607, 1639, 1646, 1672, 1641, 1708, 1624, 1694, 1666, 1719, 1733, 1752, 1781, 1812, 1810, 1878, 1836, 1914, 1826, 1823, 1856, 1856, 1867, 1914, 1910, 1926, 1938, 1959, 1920, 1971, 1926, 1921, 1919, 1950, 1899, 1938, 1920, 1911, 1909, 1895, 1886, 1896, 1877, 1891, 1852, 1897, 1861, 1859, 1876, 1863, 1843, 1878, 1814, 1850, 1798, 1828, 1907]",1110.0,0.0005000000819563866,114,1893,0,13,
8166,"[0, 1518, 1557, 1515, 1563, 1524, 1530, 1518, 1539, 1528, 1546, 1537, 1571, 1545, 1577, 1552, 1577, 1547, 1590, 1573, 1576, 1569, 1581, 1567, 1575, 1586, 1591, 1551, 1588, 1566, 1590, 1559, 1557, 1567, 1628, 1570, 1605, 1596, 1601, 1591, 1610, 1567, 1619, 1597, 1629, 1572, 1643, 1596, 1619, 1598, 1617, 1613, 1625, 1591, 1636, 1600, 1644, 1634, 1644, 1609, 1653, 1637, 1630, 1644, 1646, 1611, 1655, 1657, 1638, 1605, 1650, 1597, 1633, 1598, 1609, 1593, 1616, 1581, 1612, 1603, 1646, 1613, 1622, 1613, 1618, 1631, 1665, 1629, 1696, 1647, 1677, 1718, 1699, 1713, 1755, 1707, 1756, 1732, 1751, 1755, 1762, 1739, 1772, 1733, 1777, 1755, 1750, 1765, 1748, 1728, 1756, 1697, 1748, 1738, 1738, 1736, 1746, 1735, 1784, 1782, 1830, 1808, 1839, 1851, 1863, 1885, 1898, 2047]",1110.0,0.0006399999256245792,127,2047,0,0,
8296,"[0, 1725, 1767, 1769, 1765, 1728, 1767, 1726, 1757, 1737, 1741, 1742, 1764, 1754, 1753, 1729, 1758, 1706, 1763, 1730, 1721, 1736, 1724, 1702, 1748, 1701, 1692, 1699, 1702, 1663, 1700, 1654, 1670, 1669, 1661, 1640, 1671, 1611, 1654, 1626, 1645, 1639, 1634, 1642, 1664, 1620, 1658, 1612, 1651, 1610, 1639, 1635, 1639, 1626, 1642, 1624, 1661, 1618, 1656, 1639, 1634, 1639, 1636, 1626, 1654, 1591, 1641, 1611, 1612, 1602, 1602, 1593, 1618, 1580, 1624, 1595, 1625, 1611, 1645, 1666, 1670, 1668, 1688, 1699, 1683, 1700, 1704, 1684, 1727, 1686, 1709, 1712, 1690, 1714, 1721, 1723, 1727, 1715, 1749, 1721, 1751, 1730, 1739, 1737, 1751, 1773, 1801, 1767, 1791, 1783, 1760, 1767, 1771, 1781, 1774, 1748, 1797, 1848, 1846, 1850, 1861, 1836, 1863, 1821, 1835, 1826, 1838, 1998]",1110.0,0.0005000000819563866,127,2055,0,0,
8424,"[0, 1795, 1861, 1794, 1829, 1754, 1790, 1747, 1762, 1749, 1735, 1726, 1752, 1722, 1764, 1705, 1750, 1747, 1773, 1758, 1772, 1746, 1778, 1737, 1775, 1766, 1775, 1765, 1747, 1693, 1731, 1682, 1695, 1672, 1674, 1673, 1673, 1661, 1676, 1656, 1680, 1688, 1694, 1693, 1725, 1693, 1737, 1701, 1743, 1730, 1742, 1971, 1988, 1998, 2014, 1980, 2044, 2018, 2019, 2015, 2026, 1996, 2011, 1747, 1753, 1772, 1827, 1833, 1869, 1827, 1900, 1919, 1933, 1931, 1982, 1955, 1979, 1968, 2019, 1999, 2001, 2029, 1996, 2011, 2046, 2000, 2056, 2047, 2063, 2027, 2042, 2043, 2022, 2030, 2025, 2025, 2030, 2009, 2028, 1967, 1979, 1926, 1957, 1914, 1963, 1912, 1917, 1930, 1912, 1905, 1913, 1866, 1908, 1876, 1886, 1883, 1875, 1877, 1894, 1874, 1920, 1906, 1924, 1878, 1903, 1840, 1857, 1918]",1970.0001220703125,0.0003400000277906656,116,2048,1,6,
8547,"[0, 1598, 1618, 1574, 1605, 1568, 1581, 1562, 1559, 1567, 1595, 1539, 1589, 1536, 1585, 1530, 1585, 1537, 1553, 1540, 1562, 1531, 1566, 1519, 1529, 1518, 1557, 1496, 1522, 1499, 1497, 1521, 1503, 1487, 1478, 1464, 1495, 1469, 1484, 1456, 1451, 1459, 1476, 1467, 1496, 1438, 1489, 1439, 1471, 1438, 1484, 1458, 1434, 1448, 1460, 1439, 1493, 1436, 1462, 1431, 1449, 1431, 1417, 1448, 1489, 1448, 1520, 1538, 1605, 1658, 1748, 1767, 1856, 1826, 1844, 1850, 1879, 1848, 1900, 1910, 1927, 1954, 1954, 1947, 1975, 1923, 1885, 1850, 1849, 1779, 1832, 1847, 1844, 1852, 1866, 1906, 1913, 1896, 1880, 1816, 1728, 1640, 1607, 1516, 1523, 1449, 1491, 1480, 1464, 1489, 1534, 1520, 1590, 1631, 1705, 1750, 1772, 1799, 1907, 1915, 1937, 1919, 1940, 1906, 1899, 1864, 1857, 1913]",1970.0001220703125,0.0002800000074785203,120,1973,0,29,
8689,"[0, 1623, 1693, 1642, 1649, 1629, 1620, 1625, 1618, 1606, 1603, 1604, 1626, 1578, 1615, 1583, 1602, 1593, 1593, 1594, 1592, 1572, 1599, 1551, 1601, 1569, 1584, 1571, 1567, 1541, 1582, 1543, 1576, 1538, 1592, 1526, 1589, 1531, 1531, 1534, 1535, 1517, 1537, 1560, 1524, 1528, 1556, 1514, 1549, 1520, 1572, 1566, 1540, 1545, 1555, 1544, 1576, 1529, 1560, 1560, 1554, 1533, 1544, 1540, 1556, 1506, 1556, 1525, 1535, 1499, 1531, 1510, 1554, 1512, 1538, 1540, 1549, 1531, 1556, 1521, 1543, 1528, 1574, 1540, 1544, 1536, 1560, 1535, 1582, 1525, 1520, 1499, 1511, 1488, 1500, 1485, 1478, 1460, 1476, 1485, 1496, 1485, 1496, 1477, 1511, 1487, 1516, 1488, 1505, 1517, 1600, 1586, 1629, 1662, 1742, 1781, 1822, 1837, 1864, 1897, 1945, 1954, 2003, 1938, 1985, 1928, 1909, 1992]",1970.0001220703125,0.00023999999393709004,4,2014,1,0,
8829,"[0, 1910, 1979, 1945, 1964, 1967, 1954, 1907, 1963, 1913, 1958, 1943, 1960, 1971, 1967, 1949, 1969, 1934, 2014, 1950, 1962, 1967, 1962, 1945, 1982, 1949, 1997, 1955, 1946, 1933, 1930, 1971, 1989, 1978, 1973, 1941, 1945, 1897, 1902, 1855, 1863, 1797, 1798, 1882, 1890, 1825, 1829, 1796, 1772, 1739, 1721, 1677, 1676, 1607, 1640, 1733, 1715, 1683, 1667, 1635, 1645, 1583, 1596, 1576, 1557, 1545, 1543, 1581, 1602, 1530, 1574, 1515, 1518, 1506, 1500, 1465, 1503, 1538, 1578, 1506, 1542, 1507, 1496, 1483, 1498, 1478, 1524, 1513, 1506, 1491, 1496, 1468, 1484, 1467, 1530, 1514, 1539, 1467, 1531, 1500, 1483, 1472, 1475, 1484, 1482, 1471, 1468, 1443, 1473, 1448, 1464, 1481, 1482, 1458, 1478, 1457, 1457, 1470, 1464, 1473, 1497, 1478, 1514, 1482, 1505, 1488, 1498, 1609]",1110.0,0.00015999996685422957,48,2013,1,5,
8974,"[0, 1510, 1577, 1524, 1531, 1539, 1537, 1521, 1536, 1497, 1553, 1505, 1531, 1521, 1512, 1516, 1539, 1495, 1569, 1541, 1549, 1562, 1567, 1537, 1596, 1561, 1574, 1554, 1543, 1517, 1549, 1482, 1524, 1488, 1516, 1460, 1520, 1466, 1489, 1496, 1491, 1495, 1498, 1477, 1473, 1481, 1511, 1487, 1534, 1487, 1546, 1527, 1563, 1535, 1578, 1571, 1574, 1585, 1587, 1609, 1665, 1653, 1675, 1685, 1759, 1774, 1803, 1834, 1857, 1819, 1918, 1881, 1944, 1909, 1950, 1917, 1975, 1936, 1942, 1958, 1937, 1929, 1958, 1902, 1930, 1904, 1977, 1928, 1935, 1905, 1901, 1880, 1860, 1817, 1864, 1834, 1836, 1840, 1858, 1799, 1823, 1801, 1813, 1800, 1807, 1793, 1822, 1810, 1811, 1790, 1808, 1769, 1805, 1742, 1755, 1723, 1708, 1693, 1679, 1657, 1669, 1628, 1626, 1597, 1598, 1600, 1593, 1677]",1128.699951171875,0.0003400000277906656,88,1980,1,2,
9107,"[0, 1595, 1675, 1639, 1629, 1627, 1611, 1582, 1619, 1578, 1608, 1576, 1596, 1574, 1584, 1565, 1576, 1537, 1613, 1546, 1577, 1572, 1553, 1563, 1583, 1584, 1606, 1593, 1621, 1579, 1643, 1614, 1620, 1626, 1639, 1603, 1653, 1604, 1627, 1580, 1596, 1589, 1575, 1565, 1568, 1529, 1557, 1556, 1552, 1519, 1587, 1531, 1564, 1533, 1535, 1552, 1584, 1587, 1610, 1612, 1657, 1620, 1676, 1673, 1685, 1694, 1702, 1676, 1712, 1680, 1731, 1658, 1725, 1699, 1730, 1728, 1699, 1715, 1733, 1686, 1731, 1710, 1706, 1679, 1673, 1615, 1675, 1642, 1672, 1655, 1670, 1703, 1715, 1734, 1799, 1813, 1854, 1858, 1899, 1881, 1914, 1859, 1886, 1861, 1837, 1826, 1812, 1779, 1793, 1737, 1755, 1725, 1706, 1693, 1662, 1619, 1590, 1584, 1585, 1556, 1599, 1560, 1589, 1591, 1596, 1593, 1634, 1752]",1110.0,0.0005999999702908099,100,1857,1,2,
9235,"[0, 1655, 1717, 1666, 1699, 1679, 1652, 1658, 1670, 1622, 1685, 1626, 1677, 1660, 1649, 1667, 1670, 1637, 1696, 1628, 1679, 1642, 1657, 1653, 1652, 1645, 1680, 1636, 1646, 1664, 1664, 1665, 1703, 1682, 1739, 1685, 1723, 1705, 1709, 1687, 1673, 1658, 1651, 1646, 1641, 1602, 1642, 1581, 1626, 1599, 1653, 1602, 1632, 1621, 1623, 1645, 1672, 1680, 1718, 1715, 1772, 1744, 1786, 1805, 1796, 1800, 1809, 1800, 1841, 1790, 1825, 1821, 1818, 1806, 1867, 1804, 1839, 1822, 1843, 1844, 1850, 1841, 1857, 1871, 1864, 1872, 1869, 1818, 1846, 1754, 1762, 1746, 1692, 1712, 1707, 1692, 1668, 1630, 1660, 1598, 1645, 1608, 1605, 1624, 1616, 1603, 1627, 1601, 1624, 1593, 1621, 1623, 1618, 1629, 1615, 1617, 1648, 1618, 1650, 1629, 1628, 1642, 1668, 1623, 1674, 1657, 1703, 1826]",1881.199951171875,0.0008599996799603105,86,1916,1,0,
9366,"[0, 1788, 1812, 1781, 1813, 1755, 1754, 1750, 1755, 1717, 1758, 1706, 1749, 1731, 1754, 1729, 1754, 1726, 1775, 1730, 1748, 1762, 1755, 1749, 1784, 1756, 1802, 1754, 1759, 1749, 1746, 1738, 1740, 1714, 1738, 1687, 1765, 1701, 1718, 1719, 1707, 1721, 1746, 1722, 1761, 1741, 1792, 1816, 1827, 1813, 1851, 1829, 1850, 1784, 1805, 1771, 1748, 1726, 1731, 1722, 1732, 1691, 1724, 1695, 1703, 1720, 1710, 1743, 1767, 1726, 1808, 1811, 1845, 1866, 1889, 1903, 1960, 1906, 1974, 1938, 1942, 1968, 1969, 1928, 1983, 1940, 1995, 1947, 1961, 1962, 2005, 1980, 1944, 1966, 1961, 1959, 1954, 1910, 1972, 1897, 1902, 1889, 1855, 1824, 1821, 1773, 1785, 1767, 1717, 1698, 1745, 1704, 1726, 1675, 1703, 1691, 1681, 1689, 1695, 1674, 1720, 1677, 1728, 1676, 1739, 1722, 1750, 1912]",1110.0,0.0009799995459616184,88,2026,1,0,
9499,"[0, 1854, 1907, 1882, 1888, 1866, 1904, 1860, 1886, 1852, 1886, 1872, 1878, 1880, 1893, 1870, 1906, 1858, 1904, 1845, 1903, 1855, 1863, 1874, 1868, 1880, 1898, 1862, 1892, 1834, 1872, 1830, 1809, 1808, 1801, 1752, 1802, 1747, 1775, 1737, 1768, 1748, 1766, 1756, 1763, 1732, 1782, 1728, 1748, 1704, 1771, 1734, 1744, 1735, 1732, 1737, 1763, 1736, 1751, 1726, 1743, 1726, 1787, 1760, 1825, 1812, 1850, 1874, 1882, 1836, 1863, 1829, 1865, 1829, 1816, 1810, 1790, 1747, 1788, 1752, 1753, 1719, 1740, 1725, 1720, 1732, 1755, 1706, 1742, 1731, 1753, 1766, 1738, 1735, 1779, 1782, 1805, 1842, 1858, 1857, 1922, 1865, 1896, 1848, 1888, 1854, 1909, 1888, 1867, 1887, 1877, 1879, 1914, 1872, 1877, 1886, 1881, 1857, 1895, 1864, 1915, 1899, 1910, 1904, 1911, 1868, 1936, 2041]",1970.0001220703125,0.0008200001902878284,18,2031,0,8,
9637,"[0, 2039, 2079, 2073, 2046, 1996, 2002, 1938, 1977, 1941, 1929, 1918, 2068, 2044, 2062, 1985, 2020, 1973, 1995, 1962, 1940, 1914, 1900, 2032, 2040, 1984, 1982, 1947, 1926, 1898, 1919, 1841, 1875, 1830, 1972, 1889, 1904, 1851, 1813, 1806, 1772, 1738, 1764, 1732, 1754, 1742, 1743, 1697, 1735, 1701, 1723, 1724, 1704, 1693, 1721, 1705, 1698, 1675, 1706, 1653, 1702, 1680, 1696, 1736, 1740, 1727, 1798, 1672, 1673, 1676, 1713, 1705, 1745, 1744, 1805, 1780, 1803, 1808, 1834, 1721, 1797, 1756, 1794, 1801, 1808, 1824, 1835, 1811, 1845, 1787, 1805, 1797, 1803, 1782, 1798, 1807, 1807, 1777, 1790, 1741, 1779, 1769, 1782, 1751, 1766, 1745, 1739, 1731, 1727, 1697, 1702, 1675, 1780, 1725, 1754, 1706, 1727, 1712, 1741, 1738, 1748, 1704, 1759, 1735, 1794, 1770, 1866, 1976]",1970.0001220703125,0.0006800003466196358,42,2033,0,85,
9767,"[0, 1904, 1960, 1950, 1958, 1957, 1975, 1942, 1996, 1954, 1991, 1972, 2003, 1980, 2007, 1993, 1983, 1983, 2026, 1962, 1993, 1943, 1919, 1887, 1982, 1959, 1967, 1901, 1896, 1866, 1827, 1812, 1768, 1746, 1767, 1779, 1808, 1763, 1770, 1800, 1800, 1838, 1876, 1855, 1909, 1874, 1931, 1876, 1888, 1874, 1877, 1881, 1901, 1827, 1871, 1821, 1822, 1830, 1799, 1797, 1791, 1786, 1788, 1777, 1805, 1752, 1826, 1794, 1765, 1737, 1785, 1747, 1751, 1731, 1701, 1668, 1675, 1617, 1650, 1592, 1613, 1594, 1606, 1559, 1610, 1582, 1602, 1601, 1598, 1590, 1598, 1586, 1603, 1581, 1613, 1595, 1613, 1590, 1611, 1582, 1627, 1596, 1618, 1612, 1615, 1592, 1627, 1593, 1629, 1626, 1613, 1644, 1635, 1619, 1648, 1630, 1644, 1637, 1680, 1639, 1696, 1667, 1685, 1712, 1740, 1736, 1779, 1951]",1110.0,0.0004200005205348134,50,2133,1,0,
9895,"[0, 1677, 1705, 1678, 1718, 1664, 1693, 1649, 1675, 1654, 1653, 1640, 1658, 1609, 1651, 1606, 1639, 1589, 1654, 1622, 1626, 1624, 1625, 1625, 1672, 1633, 1675, 1649, 1676, 1647, 1679, 1679, 1706, 1737, 1754, 1724, 1824, 1778, 1820, 1824, 1830, 1836, 1876, 1854, 1890, 1867, 1886, 1869, 1887, 1883, 1908, 1886, 1905, 1849, 1852, 1844, 1826, 1793, 1777, 1748, 1785, 1761, 1766, 1768, 1766, 1788, 1777, 1762, 1795, 1718, 1786, 1744, 1770, 1743, 1760, 1741, 1775, 1768, 1772, 1763, 1785, 1735, 1756, 1723, 1727, 1728, 1726, 1701, 1713, 1679, 1673, 1665, 1658, 1629, 1658, 1641, 1636, 1650, 1648, 1632, 1646, 1625, 1646, 1625, 1658, 1641, 1655, 1667, 1633, 1668, 1659, 1646, 1668, 1646, 1652, 1653, 1687, 1655, 1703, 1687, 1728, 1728, 1740, 1771, 1788, 1812, 1862, 2048]",1110.0,0.0004200005205348134,127,2030,0,0,
10016,"[0, 1729, 1763, 1749, 1734, 1719, 1739, 1696, 1728, 1688, 1708, 1694, 1704, 1662, 1699, 1671, 1683, 1654, 1676, 1662, 1679, 1631, 1662, 1630, 1658, 1622, 1622, 1599, 1628, 1577, 1616, 1591, 1601, 1593, 1595, 1586, 1592, 1571, 1591, 1553, 1585, 1554, 1591, 1602, 1597, 1615, 1631, 1618, 1664, 1643, 1686, 1649, 1677, 1634, 1655, 1656, 1647, 1658, 1667, 1654, 1670, 1681, 1680, 1689, 1706, 1672, 1706, 1680, 1713, 1674, 1701, 1690, 1707, 1669, 1702, 1683, 1695, 1699, 1722, 1694, 1747, 1694, 1733, 1718, 1736, 1716, 1711, 1712, 1737, 1688, 1704, 1697, 1675, 1687, 1699, 1694, 1702, 1653, 1659, 1667, 1660, 1645, 1689, 1647, 1693, 1656, 1655, 1660, 1646, 1632, 1649, 1632, 1648, 1667, 1628, 1652, 1696, 1636, 1697, 1685, 1699, 1698, 1726, 1732, 1763, 1782, 1838, 2002]",1110.0,0.0003000004799105227,127,1996,0,0,
10137,"[0, 1716, 1730, 1676, 1718, 1675, 1686, 1667, 1672, 1662, 1669, 1640, 1635, 1627, 1652, 1601, 1655, 1617, 1660, 1658, 1639, 1630, 1655, 1610, 1613, 1591, 1618, 1563, 1594, 1558, 1579, 1563, 1565, 1555, 1591, 1551, 1576, 1571, 1549, 1554, 1573, 1536, 1582, 1539, 1563, 1571, 1553, 1566, 1574, 1562, 1610, 1571, 1614, 1596, 1603, 1609, 1618, 1604, 1638, 1608, 1617, 1605, 1633, 1602, 1625, 1597, 1606, 1623, 1608, 1575, 1630, 1581, 1610, 1597, 1607, 1592, 1635, 1592, 1634, 1605, 1624, 1633, 1632, 1615, 1630, 1648, 1639, 1645, 1669, 1642, 1670, 1650, 1655, 1658, 1666, 1642, 1679, 1617, 1669, 1636, 1649, 1647, 1659, 1617, 1661, 1614, 1665, 1642, 1670, 1658, 1655, 1648, 1664, 1661, 1644, 1623, 1672, 1633, 1669, 1632, 1671, 1662, 1699, 1688, 1724, 1751, 1771, 1975]",1110.0,0.0002800004731398076,127,1990,0,0,
